group,title,members,is_linked_to,msgs_7d,users_7d,free_msgs_7d,free_users_7d,last_msg,scam,fake,active,bot_msgs_7d,checked_at
kybernetwork,Kyber Network Official,7459,officialkybernetwork,47,12,21,9,2026-09-29,False,False,True,,
fraxfinance,Frax Finance,13168,,99,36,55,24,2026-09-29,False,False,True,,
Zycot_Support_Group,Zycot Support and Reward Group,4771,,23,12,17,11,2026-09-29,False,False,True,,
cancore_chat,Cancore [Chat],99561,cancore_io,100,62,66,54,2026-09-29,False,False,True,,
bitcoinbase_community,Bitcoin Base Community,32572,bitcoinbase_news,100,53,46,35,2026-09-29,False,False,True,,
PythoDEXCommunity,PythoDex Community,11605,,51,21,22,14,2026-09-29,False,False,True,,
slidefunchat,Slide.fun Chat,42622,Slidefunchannel,100,40,54,35,2026-09-29,False,False,True,,
poloxdaocommunity,Poloxdao Community,22193,,0,0,0,0,2026-09-11,False,False,False,,
SweepGlobal_Chat,Sweep,37163,SweepGlobal,100,31,36,25,2026-09-29,False,False,True,,
Meta_Earth_Community,Meta Earth Community,125465,Meta_Earth_Announcement,100,28,38,21,2026-09-29,False,False,True,,
Ai_auctionschat,Ai Auction Chat,13205,ai_auctions,2,0,0,0,2026-09-28,False,False,False,,
TopNodGroup,TopNod_Group,20140,,100,25,24,15,2026-09-29,False,False,True,,
ScandicCoin_Group,SCANDIC COIN (SNC-Group),83650,ScandicCoin,30,13,19,12,2026-09-29,False,False,True,,
artyfactgroup,Artyfact Global Group,154103,artyfactnews,0,0,0,0,2026-07-21,False,False,False,,
iotradersiochat,IO Trader IO,69201,iotradersio,5,1,1,1,2026-09-28,False,False,False,,
mstblockchainchat,MST Blockchain Official Group,8638,mstblockchain,93,57,68,49,2026-09-29,False,False,True,,
yieldbaycommunity,Yieldbay Community,1489,,3,3,2,2,2026-09-25,False,False,False,,
MeccaGlobalChat,MECCA Chat,31866,,100,21,93,18,2026-09-29,False,False,True,,
PikuDAO_Group,Piku Finance Community,3345,,13,4,2,2,2026-09-28,False,False,False,,
concealcommunity,Conceal Community,941,,7,4,5,3,2026-09-29,False,False,False,,
EXOT_community,EXOT Community,38493,EXOT_ann,2,2,1,1,2026-09-29,False,False,False,,
iopndiscussion,IOPn | Discussion,111591,iopn_io,72,37,34,25,2026-09-29,False,False,True,,
CheesePad_Group,🐹🧀CheesePad Group,31380,Cheese_Pad,14,8,9,6,2026-09-28,False,False,False,,
crypgptcommunity,CrypGPT Community,54166,crypgpttoken,100,15,28,11,2026-09-29,False,False,True,,
biznanachannelchat,Biznana Community!,14904,,100,27,11,6,2026-09-29,False,False,True,,
axionchatEn,Axion Community,12148,Axioncoin1,58,8,45,7,2026-09-29,False,False,True,,
vitalum_io_group,Vitalum Official Group,15958,,0,0,0,0,2026-09-15,False,False,False,,
ZetCoreTeam_chat,ZET NETWORK Chat,18746,zetcoreteam,0,0,0,0,2026-08-28,False,False,False,,
PaydaxCommunity,PaydaxOfficial - Community,1223,paydaxofficial,0,0,0,0,2026-09-19,False,False,False,,
ExtsyCommunity,Extsy Community,19971,ExtsyChannel,27,12,20,12,2026-09-29,False,False,True,,
rzto_io_chat,RZTO | Community chat,47868,rztoio,100,11,100,11,2026-09-28,False,False,True,,
nodiens,Nodiens,38747,,100,70,75,66,2026-09-29,False,False,True,,
Purintaxyz,Purintaxyz,0,,0,0,0,0,,False,False,False,,
AgentAiCash,AGENT AI CASH,8204,AgentAiCashAnn,100,49,59,47,2026-09-29,False,False,True,,
DoctorBitcoin,The Rizzn InDAOstrial Compex,83,blocktroll,5,1,1,1,2026-09-28,False,False,False,,
AiAlgoAnalysis,AI Agent Ai Algo Trade and Analysis,5488,,4,2,2,2,2026-09-29,False,False,False,,
PowerXOne,PowerX One,3001,PowerXOneAnnouncement,100,23,66,21,2026-09-29,False,False,True,,
HelloTelos,Telos Community,8822,,77,22,46,17,2026-09-29,False,False,True,,
AirdropDetectiveSupport,Airdrop Detective Community 1,188187,,100,96,78,76,2026-09-29,False,False,True,,
miuro_ai,MIURO,12255,,99,8,0,0,2026-09-29,False,False,True,,
AirdropGroup,Airdrop Group,188521,Airdrop,100,35,15,11,2026-09-29,False,False,True,,
coinlotto_chat,CoinLotto Chat,414,coinlotto_xyz,100,54,59,45,2026-09-29,False,False,True,,
adspowerenchat,AdsPower Browser | Chat (EN),4908,adspoweren,100,49,80,45,2026-09-29,False,False,True,,
lithochat,Lithosphere (LITHO) Official Global,37900,superlitho,97,30,63,25,2026-09-29,False,False,True,,
PicksdotappCommunity,GetPicks Official,310,,72,4,4,2,2026-09-29,False,False,False,,
ZenoTraderCommunity,Zeno Traders - Community,1120,ZenoTraderChannel,2,0,0,0,2026-09-25,False,False,False,,
spacexbscchat,SPACEX CHAT,2147,SPACEXONBSC,5,2,5,2,2026-09-26,False,False,False,,
miningmai_chat,MAI Chat,23963,,14,5,6,4,2026-09-29,False,False,False,,
Deepsea_chat,Deep Sea | Chat,5480,Deepseaio,42,27,9,7,2026-09-29,False,False,False,,
AirdropGroupII,Airdrop Group II,178287,,4,0,0,0,2026-09-28,False,False,False,,
sixrcommunity,SIXR COMMUNITY,15030,,37,15,0,0,2026-09-29,False,False,True,,
tokenforgeOfficialCommunity,tokenforge Community,5817,,100,12,38,12,2026-09-29,False,False,True,,
biznanacommunity,.,50,,0,0,0,0,2026-08-23,False,False,False,,
aideficommunity,AIDEFI,1949,,0,0,0,0,2026-08-30,False,False,False,,
SafeHavenExch_Community,SafeHaven Exchange Official Community,1698,SafeHavenExch_Announcements,14,4,13,4,2026-09-28,False,False,False,,
LamineYamal_official_group,Lamine Yamal Official Group,6702,LamineYamal_official_channel,90,13,16,8,2026-09-29,False,False,True,,
trovxcommunity,TROVX COMMUNITY,86,,0,0,0,0,2026-09-18,False,False,False,,
chainstakechat,Chainstake Community,65,chainstake_org,0,0,0,0,2026-08-13,False,False,False,,
minebluecommunity,Mine Blue,11340,mineblue_uk,0,0,0,0,2026-07-27,False,False,False,,
HuntFiChat,HuntFi Chat,1061,HuntFiOfficial,15,5,15,5,2026-09-29,False,False,True,,
icopaxchat,ICOPAX Community,24223,icopax,0,0,0,0,2026-09-17,False,False,False,,
dac_chain,DAC | Quantum Chain,52133,,100,66,75,58,2026-09-29,False,False,True,,
picksdotapp,Picksdotapp,0,,0,0,0,0,,False,False,False,,
recycletokens,Recycle Tokens | Launch on PUMPFUN 👁,91,,82,21,69,19,2026-09-29,False,False,True,,
dudedexofficial,D-Dex Official chat,181,dudedex,0,0,0,0,2026-09-29,False,False,False,,
play_vice,VICE,483,,29,11,18,8,2026-09-29,False,False,True,,
unitokenunic,UNIC Crypto (UNIC),7715,,100,33,77,33,2026-09-29,False,False,True,,
FiveNorthHQ,FiveNorthHQ,4,,0,0,0,0,2026-09-03,False,False,False,,
Biconomycom,Biconomy.com,79678,biconomy_Ann,69,28,36,19,2026-09-30,False,False,True,,
KultGamesLocalGroup,Kult Local Community,201,,0,0,0,0,2026-09-21,False,False,False,,
RCD_Wb3_Chat,Rise of Cinder Duck Chat,3771,,27,13,4,4,2026-09-30,False,False,True,,
InsightXHQ,InsightX,20639,,100,18,84,18,2026-09-30,False,False,True,,
KachingVIP,Kaching!,2075,KachingPlay,7,3,2,2,2026-09-27,False,False,False,,
id1978761758,Markets Insider,4,,0,0,0,0,2026-09-07,False,False,False,,
iopn_Chinese,IOPn中文(Chinese),1150,,88,45,88,45,2026-09-30,False,False,True,,
iopn_korean,IOPn 한국방 (Korean),1188,,0,0,0,0,2026-08-18,False,False,False,,
iopn_russian,IOPn l Russian,589,,0,0,0,0,2026-09-12,False,False,False,,
iopn_spanish,IOPn Español (Spanish),408,,2,1,2,1,2026-09-28,False,False,False,,
iopn_turkish,IOPn Türkçe (Turkish),1063,,0,0,0,0,2026-08-24,False,False,False,,
coingecko,CoinGecko,19783,coingeckonews,33,13,21,12,2026-09-30,False,False,True,,
gatedex,Gatedex,18,,17,1,17,1,2026-09-28,False,False,False,,
CyreneAI,CyreneAI,1750,,37,7,8,4,2026-09-30,False,False,True,,
Dubai_Block,Dubai Block,4,,0,0,0,0,2026-09-15,False,False,False,,
id2567048440,bitget 钱包客服,2113,,1,0,0,0,2026-09-26,False,False,False,,
wagmi_vc,wagmi_vc,4,,0,0,0,0,2026-09-26,False,False,False,,
phnx_fi,Phoenix Finance,1633,,100,19,3,3,2026-09-30,False,False,True,,
incrypted_airdrop_chat,Incrypted Airdrop Chat,5935,incrypted_airdrops,41,11,1,1,2026-09-30,False,False,False,,
Official_Vone,Vone - First Web3 Communication Platform,673,,0,0,0,0,2026-09-01,False,False,False,,
bbonkcommunity,BBONK COMMUNITY,15,,0,0,0,0,2026-09-18,False,False,False,,
detrade_global,Detrade Official Group,20801,Detrade_Exchange,100,29,40,26,2026-09-30,False,False,True,,
TRADING_GROUP_ROOM,TRADING ROOM,13,Trading_Group,0,0,0,0,2026-09-11,False,False,False,,
FavrrChat,Favrr,44,,0,0,0,0,2026-07-12,False,False,False,,
LottryCommunity,Lottry | Community,16816,LottryAnnouncements,100,6,2,2,2026-09-29,False,False,False,,
CryptoLibraryDiscussion,Crypto Library Discussion,3932,,100,45,95,41,2026-09-30,False,False,True,,
goracoingroup,Gora Groupies,3325,2202034164,6,1,2,1,2026-09-30,False,False,False,,
SOAI_OfficeCommunity,SOAI-Official communication group,5718,SOAIOfficialOO8,0,0,0,0,2024-07-11,False,False,False,,
your_community,YOUR AI ($YOURAI) - The Only Official Channel,13787,,100,31,5,3,2026-09-30,False,False,True,,
HybridCommunity,Hybrid | Community,58619,HybridAnnouncements,4,3,4,3,2026-09-30,False,False,False,,
cryptoclubs_group,FindEX AI - Chat,5942,findex_app,0,0,0,0,2026-05-13,False,False,False,,
cryptogamingtech,CryptoGaming,58,,8,4,5,4,2026-09-30,False,False,False,,
NUTSACK_SQUIRREL,NUTSACK SQUIRREL,3859,,3,2,3,2,2026-09-25,False,False,False,,
AirdropSupportGroup,Airdrop Inspector Support Group,103924,airdropinspector,100,37,79,19,2026-09-30,False,False,True,,
BearTrapCommunity,BearTrap Community,1169,,13,5,10,5,2026-09-28,False,False,False,,
StarPhoneCC,StarPhone Global,28140,StarPhone_CC,45,9,13,4,2026-09-30,False,False,False,,
xileague,XI League – Fantasy Cricket & Football,41,xileaguechannel,0,0,0,0,2026-09-15,False,False,False,,
MGBX_English,MGBX Global,138786,mgbxancement_en,100,18,51,15,2026-09-30,False,False,True,,
MarsChain5,MarsChain,31965,,100,22,34,11,2026-09-30,False,False,True,,
uponly_space,UPONLY COMMUNITY,2358,uponlyspace,100,10,64,8,2026-09-30,False,False,True,,
spark_coded,Spark Community,4283,,100,25,58,21,2026-09-30,False,False,True,,
dextrobotai,Dextro AI Trading Bot,1824,dextrobot_ai,14,1,2,1,2026-09-30,False,False,False,,
mypalofficial1,Mypal official,14996,,100,22,6,4,2026-09-30,False,False,True,,
AirdropNinjaGroup,🎎 Airdrop Ninja Community 🎎,97896,AirdropO,100,19,74,9,2026-09-30,False,False,True,,
id2556002430,GiveRep,755,GiveRep_news,0,0,0,0,2025-09-03,False,False,False,,
Pepe_Palm_Beach,Pepe Palm Beach $PPB,5586,,8,4,6,4,2026-09-28,False,False,False,,
GoldenFrog_EN,Golden Frog Support [EN],541,GoldenFrogHouse,3,2,2,1,2026-09-30,False,False,False,,
cryptosmarthub_chat,CryptoSmartHub Chat,3207,CryptoSmartHubOfficial,0,0,0,0,2026-09-22,False,False,False,,
propdefi,PropDefi,2114,,0,0,0,0,2026-09-12,False,False,False,,
cnktplus,CNKT+,6884,,21,11,13,10,2026-09-29,False,False,True,,
OpenLedgerCN,OpenLedger China,502,,0,0,0,0,2026-08-21,False,False,False,,
OpenledgerKorea,OpenLedger Korea,2314,OpenledgerKoreaANN,28,10,25,9,2026-09-30,False,False,True,,
openledgerofficial,OpenLedger,21406,,5,3,3,3,2026-09-30,False,False,False,,
MetaGamesCoin_io,MetagamesCoin,2510,,1,0,0,0,2026-09-30,False,False,False,,
GetVerse,Bitcoin.com,13976,,100,13,26,3,2026-09-30,False,False,True,,
Whalescryptos,Whales Crypto Forex trading,8881,Whalesguide,99,53,41,18,2026-09-30,False,False,True,,
CryptoChatCWN,CWN Crypto Chat,20844,CryptoWorldNews,100,9,1,1,2026-09-30,False,False,False,,
coininfo_chat,COIN INFO chat,20,1011500454,48,1,1,1,2026-09-30,False,False,False,,
zcash_community_chat,Zcash (ZEC) Community | Chat,2851,3984096229,100,12,61,7,2026-09-30,False,False,True,,
Kucoin_Exchange,KuCoin Exchange,197980,,100,36,33,24,2026-09-30,False,False,True,,
kumining_en,KuMining Official Group,33174,,100,16,84,14,2026-09-30,False,False,True,,
ICO_Analytics_EN,ICO Analytics NewsRoom EN,2883,,3,1,1,1,2026-09-26,False,False,False,,
ICO_Analytics_UA,ICO Analytics NewsRoom UA,529,,2,1,2,1,2026-09-25,False,False,False,,
daomaker,DAO Maker Community & Support,21198,daomaker_ann,6,5,4,4,2026-09-28,False,False,False,,
RebelBotsChat,Rebel Bots | Chat,2771,RebelBotsXoilWars,1,1,1,1,2026-09-24,False,False,False,,
weebsgroup,Weebs.App,2892,,4,2,4,2,2026-09-26,False,False,False,,
RGamesOfficialChat,R Games Official Chat,6514,RGamesOfficial,2,2,2,2,2026-09-29,False,False,False,,
edu3labscommunity,Edu3Labs Official,16580,brightsetup,1,1,1,1,2026-09-28,False,False,False,,
CyberArenaCommunity,Cyber Arena AR/VR,4700,CyberArenaNews,2,1,2,1,2026-09-30,False,False,False,,
TENETPublicChat,TENET Chat,5511,TENETNewsChannel,0,0,0,0,2025-10-11,False,False,False,,
arbipadchat,ArbiPad Global Chat,2131,arbipadnews,1,1,1,1,2026-09-30,False,False,False,,
rejuvecommunity,Rejuve Community 🌿,5476,,13,5,7,3,2026-09-30,False,False,False,,
top7ico_chat,Top 7 | Official Chat,3987,top7ico,21,0,0,0,2026-09-30,False,False,False,,
Wavescommunity,Waves Official 🌊,7616,wavesnews,36,12,24,9,2026-09-30,False,False,True,,
koalaswapchat,🐨 KoalaSwap Chat,167,,1,1,1,1,2026-09-26,False,False,False,,
unilendchat,Unilend Chat,204,,1,1,1,1,2026-09-26,False,False,False,,
wavesonchains,WavesOnChain,648,wocnews,57,2,57,2,2026-09-30,False,False,False,,
unitsnetwork,Units.Network Community Chat,58224,unitsnews,15,7,5,4,2026-09-30,False,False,False,,
ape_bond,ApeBond,12693,ApeBond_News,100,21,56,16,2026-09-30,False,False,True,,
wavesbridge,WavesBridge,232,,3,3,2,2,2026-09-30,False,False,False,,
wavesfutbol,Waves Futbol,111,,0,0,0,0,2026-09-04,False,False,False,,
unitsnetwork2,Units.Network Community Chat 2,33935,,4,2,4,2,2026-09-30,False,False,False,,
ambassadordao,Waves Ambassador Program,1389,,4,2,4,2,2026-09-30,False,False,False,,
JoinPete,Pete token chat!,55606,petetokennews,5,4,4,4,2026-09-30,False,False,False,,
QuantumStellarInitiativeChat,ℚ𝕊𝕀 ℂ𝕙𝕒𝕥,6692,QuantumStellarInitiative,100,65,17,15,2026-09-30,False,False,True,,
sovrentech,OLD SOVREN,25,,0,0,0,0,2026-09-23,False,False,False,,
ChumpCoinX,Chump Coin Official | Chat,3876,,2,2,2,2,2026-10-05,False,False,False,,
hoodinals,🔸Hoodinals🔸,3846,HoodinalsNews,26,7,14,7,2026-10-03,False,False,True,,
bitcoincashii,Bitcoin Cash II (BCH2),296,,100,5,98,5,2026-10-05,False,False,True,,
MyNexusMind,NexusMind,2484,,79,10,72,10,2026-10-05,False,False,True,,
panther_wallet,panther_wallet,6,,0,0,0,0,2026-09-22,False,False,False,,
MicroduckNVDA,MicroDuck CTO,1244,,95,4,95,4,2026-10-05,False,False,False,,
thinkingcatRH,Thinking Cat,1002,,2,2,2,2,2026-10-05,False,False,False,,
BinanceArabic,Binance Arabic,96640,Binance_MENA_Annoucements,100,33,48,26,2026-10-05,False,False,True,,
storyprotocol,Story protocol,316,,0,0,0,0,2026-09-06,False,False,False,,
dgrid_ai,DGrid Community,40954,dgrid_ai_ann,100,34,43,26,2026-10-05,False,False,True,,
TheoriqAI,Ai space 1,59,,0,0,0,0,2026-09-21,False,False,False,,
DogelonMars,DogelonMars,29641,,100,25,83,23,2026-10-05,False,False,True,,
monstrodefi,Monstro,1066,MonstroAnnouncements,16,6,11,4,2026-10-04,False,False,False,,
QSIVideos,QSI Library: Stellar Training Materials,2413,,3,2,0,0,2026-09-30,False,False,False,,
stellarmoonbunny,MoonBunBun - QSIGF- ABUNDANCE,1927,,100,2,100,2,2026-10-05,False,False,False,,
synergyfoundationico,‼️⚠️QSIGF-ANOMALY,1700,,100,1,100,1,2026-10-04,False,False,False,,
vngfoundationico,QSIGF-MUTATION,689,,96,2,96,2,2026-10-04,False,False,False,,
creditslink,Creditlink Global,41608,creditslinkchannel,0,0,0,0,2026-09-22,False,False,False,,
CryptoSolutionChat,Crypto Solution,24525,CryptoSolutionAnn,100,35,71,24,2026-10-05,False,False,True,,
maavatar,MaAvatar,2449,,17,5,16,4,2026-10-05,False,False,False,,
TupackIo,TuPack Community,1775,,100,12,99,11,2026-10-05,False,False,True,,
collablynetwork,Collably Network,453,CollablyNetworkAnnouncement,21,7,6,5,2026-10-05,False,False,False,,
PWRDAO,PowerDAO Protocol ✊⚡️,10604,,100,11,53,10,2026-10-05,False,False,True,,
puzzle_network,Puzzle Network,830,puzzlenetworknews,99,18,57,16,2026-10-05,False,False,True,,
CrossCurveFi,CrossCurveFi,1,,0,0,0,0,2026-02-03,False,False,False,,
unitsnetwork_tr,Units.Network Türkiye,2328,,0,0,0,0,2025-12-07,False,False,False,,
units_network,Units.Network Чат,1435,,14,5,4,3,2026-10-05,False,False,False,,
units_kr,UNITS 공식 한국 커뮤니티 🇰🇷,248,,100,6,100,6,2026-10-05,False,False,True,,
mindsharing_pad,XYPER (formerly MindSharing),817,,0,0,0,0,2026-09-28,False,False,False,,
DIAdata_org,DIA Community,4825,DIAannouncements,100,18,50,15,2026-10-05,False,False,True,,
weex_official,ToPocket用户交流④群,375,,100,11,82,6,2026-10-05,False,False,True,,
PeteFrogDuck,PeteFrogDuck,81,,1,1,1,1,2026-10-01,False,False,False,,
romcoingroup,Romcoin Official Group,1674,romcoinchannel,2,1,2,1,2026-09-29,False,False,False,,
nexchain_ai,Nexchain,9963,,100,12,17,9,2026-10-05,False,False,True,,
quantixfinance,Quantix Finance Official Community,15130,,35,10,22,9,2026-10-05,False,False,True,,
tapzi_official,Tapzi,5977,official_tapzi,58,12,37,9,2026-10-05,False,False,True,,
V8COIN,V8COIN,20770,,2,1,2,1,2026-10-05,False,False,False,,
magatrumpz,MAGA TRUMP-$TRUMP,4217,magatrumpch,100,6,15,2,2026-10-05,False,False,False,,
apewealth,APE WEALTH,2171,,0,0,0,0,2026-09-24,False,False,False,,
babydoge2x,Baby Doge 2.0-$BabyDoge Group,2114,babydoge2ch,31,4,26,4,2026-10-05,False,False,False,,
somnianetwork,Somnia Network,69207,,5,3,5,3,2026-10-05,False,False,False,,
bomememe3,Book of Meme 3.0 - $BOME Group,3547,bome3meme,15,1,15,1,2026-10-05,False,False,False,,
trumpmemez,TRUMP $MEME Group,1717,trumpmemex,9,1,9,1,2026-10-05,False,False,False,,
CryptoLibrarysRefferal,Crypto Librarys | Refferal Group,1895,,100,44,100,44,2026-10-05,False,False,True,,
SkebCoin_chat,SkebCoin Chat,1072,Crypto_Job_Org,7,0,0,0,2026-10-05,False,False,False,,
heliosblock,Helios Blockchain,4566,heliosblock_news,9,5,2,2,2026-10-01,False,False,False,,
fusiobybg,FUSIO By BlockGuard,16238,,3,3,2,2,2026-10-04,False,False,False,,
chirppad,ChirpPad,40415,chirppadANN,6,2,4,2,2026-09-30,False,False,False,,
hivello_official,Hivello Official Community,5122,,90,19,31,11,2026-10-05,False,False,True,,
Nexade_Official,NEXADE,6376,,100,21,0,0,2026-10-05,False,False,True,,
E4Cverse,E4C: Final Salvation,1227,,1,1,1,1,2026-10-02,False,False,False,,
CredbullMain,Credbull.io,69031,CredbullAnnouncements,0,0,0,0,2025-03-12,False,False,False,,
TrakxFr,Trakx,4229,,0,0,0,0,2026-09-09,False,False,False,,
officialstaynex,Staynex Community Channel 👥,49098,staynexcomannouncement,79,15,29,10,2026-10-05,False,False,True,,
codyfight,Codyfight,46590,codyfightnews,1,1,1,1,2026-10-05,False,False,False,,
snapmuseio,Snapmuse.io,6357,,99,27,18,12,2026-10-05,False,False,True,,
massanetwork,Massa (MAS),13154,massa_latest_news,43,15,22,8,2026-10-05,False,False,True,,
privateaicom,PrivateAI.com / PGPT,8927,privateai_ann,0,0,0,0,2026-09-18,False,False,False,,
bowleddotio,Bowled.io Community,4362,,0,0,0,0,2026-08-27,False,False,False,,
hover_market,Hover,1,,0,0,0,0,2026-06-07,False,False,False,,
sociapol,SociaPol Turkish Community,772,,0,0,0,0,2026-09-27,False,False,False,,
scriptnetworkofficial,Script Network (Acquired) - This Telegram is Now Closed,60077,,0,0,0,0,2026-04-02,False,False,False,,
finceptor_global,Finceptor Global Community,23776,finceptor_ann,0,0,0,0,2026-05-20,False,False,False,,
gtprotocol,GT Protocol Community Chat,47638,GTProtocolNews,64,24,48,20,2026-10-05,False,False,True,,
virtualversionsofficial,Virtual Versions Official Chat,13226,,0,0,0,0,2024-10-28,False,False,False,,
sophia_verse,SophiaVerse Community,5760,sophiaverseann,6,5,4,4,2026-10-05,False,False,False,,
egocoin_en,EGO Paysenger Chat (EN) check at egoco.in,21167,ego_paysenger_en,0,0,0,0,2026-08-27,False,False,False,,
WistaverseTG,WISTAVERSE ✊,444,,0,0,0,0,2025-06-26,False,False,False,,
coinzixtoken,COINZIX Announcements| $ZIX by coinzix.com,6176,,0,0,0,0,2024-07-16,False,False,False,,
xcademy,XCAD Network Official,13801,xcadnetworknews,0,0,0,0,2026-09-18,False,False,False,,
CryptoRankEn,CryptoRank Community Chat,8169,CR_tApp,0,0,0,0,2026-09-24,False,False,False,,
cryptorank_io_sup,CryptoRank.io Support Eng Chat,11496,,6,4,3,2,2026-10-05,False,False,False,,
cryptorank_ru,CryptoRank.io Чат,3594,cryptorank_insights,1,0,0,0,2026-10-05,False,False,False,,
cryptoizindonesia,CRYPTOIZ.ORG,7032,cryptoizoffice,100,14,26,5,2026-10-05,False,False,True,,
rektplebssubmission,Rekt Plebs Submission,1123,,100,13,65,12,2026-10-05,False,False,True,,
hellochromia,Chromia Official,15793,chromia_announcements,100,17,51,13,2026-10-05,False,False,True,,
clawchainai,clawchain.ai,103,,0,0,0,0,2026-06-13,False,False,False,,
ChromiaDev,Chromia Official Developers Chat,478,,0,0,0,0,2026-09-03,False,False,False,,
ChromiaIndia,Chromia - Official Indian Group,663,,0,0,0,0,2026-10-01,False,False,False,,
ChromiaSpanish,Chromia en Español Oficial,95,ChromiaSpanishAnuncios,0,0,0,0,2025-07-20,False,False,False,,
ChromiaTraders,Chromia Ecosystem Price Analysis!,1666,,48,15,26,12,2026-10-05,False,False,True,,
chromiaturkiye,Chromia - Official Turkish Group,206,chrhaber,4,2,4,2,2026-10-04,False,False,False,,
COTInetwork,COTI - Currency of the Internet,16962,cotichannel,100,31,31,18,2026-10-05,False,False,True,,
rugpullradio,"₿ullion, ₿itcoin & ₿eyond w/ GMONEY",1894,bullionbitcoinbs,100,22,35,9,2026-10-05,False,False,True,,
OntologyNetwork,Ontology English,13692,OntologyAnnouncements,70,19,46,18,2026-10-05,False,False,True,,
Community_3Commas,3Commas Community,4997,,23,14,12,9,2026-10-05,False,False,True,,
zilliqachat,Zilliqa Official Chat,10642,zilliqa,80,21,32,14,2026-10-05,False,False,True,,
GZILCOLLECTIVE,GZIL Collective,261,,3,2,2,1,2026-09-29,False,False,False,,
wesladcommunity,WESLAD Research Community,445,WCSECHANNEL,100,41,8,7,2026-10-05,False,False,False,,
slashbiz,/slashbiz/ chat,347,slashbizchannel,97,25,40,13,2026-10-05,False,False,True,,
ankrnetwork,Ankr Community,16259,anrknetworkann,20,9,9,7,2026-10-05,False,False,False,,
neuraofficial,Neura Protocol,32074,,100,58,4,3,2026-10-05,False,False,True,,
BridgeOracle,Bridge Oracle Group,30867,Bridge_Oracle,3,0,0,0,2026-10-02,False,False,False,,
MEXCUK_Community,MEXC UK Fan Club (Main),3603,MEXCUK_Announcement,34,5,23,3,2026-10-04,False,False,False,,
BinanceMENAEnglish,Binance MENA English,57492,,100,17,9,8,2026-10-06,False,False,True,,
MEXCEnglish,MEXC English (Official),231534,MEXCofficialNews,100,36,25,20,2026-10-06,False,False,True,,
IBNAiChats,$IBNAi Chats,1334,,100,8,35,7,2026-10-06,False,False,True,,
ceruleanlabsgroupchat,Cerulean Labs Official Chat,215,,17,3,17,3,2026-10-06,False,False,False,,
BitHealthCommunity,BitHealth Community,24332,,4,2,4,2,2026-10-04,False,False,False,,
TalesOfAlekoOfficialGroup,Tales Of Aleko Official Community,30269,,54,11,54,11,2026-10-06,False,False,True,,
BitHarvestSupergroup,Harvest+ Channels,5995,,0,0,0,0,2026-04-29,False,False,False,,
bizaglobalcommunity,$ZIOW-$BIZA G1-Community,2577,,9,2,8,2,2026-10-06,False,False,False,,
savitri_group,Savitri|Community Group Old delete soon join in the new group,2404,,1,1,1,1,2026-10-06,False,False,False,,
r0ar_community,R0AR Community MOVING TO DISCORD 10/1/2026,4065,,7,1,6,1,2026-10-06,False,False,False,,
MEXC0808StockSeason,MEXC Stocks,16764,,100,28,48,28,2026-10-06,False,False,True,,
ENI_Community,ENI Official,23330,,86,0,0,0,2026-10-03,False,False,False,,
depinsimchat,Depinsim Community,17844,,100,27,43,5,2026-10-06,False,False,True,,
uxlinkofficial,UXLINK®,62871,,100,19,0,0,2026-10-06,False,False,True,,
GateCom_EN,Gate Exchange,191541,GateOfficialNews,100,14,7,5,2026-10-06,False,False,False,,
DigiFinexEN,DigiFinex Exchange,32284,,100,14,85,13,2026-10-06,False,False,True,,
dusacommunity,Dusa Community 🪼,415,,6,4,5,4,2026-10-05,False,False,False,,
eaglefi_community,EagleFi,108,,0,0,0,0,2026-09-25,False,False,False,,
akindo_io,AKINDO Builders Club🛠,748,,36,16,8,6,2026-10-06,False,False,True,,
conf3rence,CONF3RENCE | Official,471,,4,3,4,3,2026-10-06,False,False,False,,
DecentrNet,Decentr,1729,DecentrAnnouncements,1,1,0,0,2026-10-04,False,False,False,,
CertiKCommunity,CertiK,10188,CertiKAnnounce,0,0,0,0,2026-04-07,False,False,False,,
PancakeSwap,PancakeSwap,94742,,100,25,28,13,2026-10-06,False,False,True,,
aveaiglobal,Aveai Global🌍,70,,0,0,0,0,2024-04-20,False,False,False,,
lista_dao,Lista Dao | Blum,57,,0,0,0,0,2026-09-30,False,False,False,,
id1963129580,TP钱包🔥TokenPocket - 私聊的就是骗子,56,,0,0,0,0,2025-02-16,False,False,False,,
RWAX_life,RWAX,13688,,100,22,70,21,2026-10-06,False,False,True,,
bsc_daily,BSC Daily - Chat,25251,bsc_dailyann,26,11,22,10,2026-10-05,False,False,True,,
Ripple,Ripple - XRP,15881,,100,30,62,25,2026-10-06,False,False,True,,
bull_bnb,BULL BNB,262,,0,0,0,0,2026-09-06,False,False,False,,
MEXCPlayroom,MEXC Playroom,43764,,98,10,38,10,2026-10-07,False,False,True,2,2026-10-07T07:16:45+00:00
MEXC_Card_OfficialCommunity,MEXC Card,1318,,100,14,40,10,2026-10-07,False,False,True,0,2026-10-07T07:17:15+00:00
MEXCProduct,MEXC Product Fan Club,460,,100,45,5,2,2026-10-07,False,False,True,0,2026-10-07T07:17:54+00:00
MEXC_ENofficial,MEXC Listing,60737,MEXC_ENchannel,80,12,35,11,2026-10-07,False,False,True,20,2026-10-07T07:18:26+00:00
conviction_chat,Conviction Frens,654,,0,0,0,0,2026-09-26,False,False,False,0,2026-10-07T07:19:27+00:00
solidusaichat,ACN Chat Group,71444,solidusaitech,59,18,23,15,2026-10-06,False,False,True,8,2026-10-07T07:19:54+00:00
ScamcoinSPL,Scamcoin ($SCAM),493,,70,10,58,10,2026-10-07,False,False,True,30,2026-10-07T07:20:36+00:00
gate_io,Gate.io的小伙伴們,11683,gatearticlelist_English,0,0,0,0,2026-10-07,False,False,False,5,2026-10-07T07:21:08+00:00
kingasterbsc,King Aster,949,,0,0,0,0,2026-09-03,False,False,False,0,2026-10-07T07:21:47+00:00
vony0,Ben,33,,0,0,0,0,2026-09-21,False,False,False,0,2026-10-07T07:22:44+00:00
Jager_BSC,Jager Coin Community,13614,,46,11,3,3,2026-10-07,False,False,True,52,2026-10-07T07:23:44+00:00
EvolveTKN,Evolve Pro Community,26600,EvolveProportal,84,10,14,6,2026-10-07,False,False,True,16,2026-10-07T07:24:11+00:00
uncx_token,UNCX Network | Main,5549,,0,0,0,0,2026-04-01,False,False,False,0,2026-10-07T07:27:50+00:00
DapposOfficial,DAPPOS MOON🌕(token not launched yet),19035,,26,14,16,11,2026-10-07,False,False,True,0,2026-10-07T07:29:09+00:00
amadeusprotocol,Amadeus Protocol - Official Channel,17540,,6,1,6,1,2026-10-06,False,False,False,0,2026-10-07T07:31:41+00:00
AetheriumX_fun,AetheriumX Community,16456,,100,5,12,4,2026-10-07,False,False,True,0,2026-10-07T07:32:08+00:00
Orca_Official_En,Orca Network,2459,,52,0,0,0,2026-10-06,False,False,False,5,2026-10-07T07:32:35+00:00
MansoryToken,MANSORY TOKEN,13971,,95,7,47,7,2026-10-07,False,False,True,5,2026-10-07T07:33:02+00:00
Gainslink,Gainslink,20790,,3,1,1,1,2026-10-07,False,False,False,1,2026-10-07T07:33:29+00:00
Salvo_Official,Salvo | Official,23764,,2,2,2,2,2026-10-06,False,False,False,1,2026-10-07T07:33:56+00:00
TIVAtoken_official,Intiva Token (TIVA),39502,,70,13,37,12,2026-10-07,False,False,True,0,2026-10-07T07:34:23+00:00
Richcoin_RIC,Official Richcoin Community,2595,,16,8,12,6,2026-10-07,False,False,False,84,2026-10-07T07:34:50+00:00
o2ramp_official,O2Ramp Official Channel,20691,,100,7,0,0,2026-10-07,False,False,True,0,2026-10-07T07:35:16+00:00
SmartPropsSolution,Smart Props Solution (SPS) - Community,1544,,0,0,0,0,2026-08-08,False,False,False,0,2026-10-07T07:35:43+00:00
RetiumBlockchain,Retium Blockchain,11844,RetiumChain,89,35,51,30,2026-10-07,False,False,True,11,2026-10-07T07:36:37+00:00
GTBSchain,Gatbits (GTBS Chain),10390,,17,10,17,10,2026-10-07,False,False,False,38,2026-10-07T07:37:04+00:00
meditechxtoken,MediTechX | Token,25917,mtxto,14,1,14,1,2026-10-06,False,False,False,0,2026-10-07T07:37:31+00:00
biokript,Biokript Official Chat,709,,23,8,19,4,2026-10-07,False,False,True,32,2026-10-07T07:37:58+00:00
ganapayment,GANA Payment,6203,,11,7,3,3,2026-10-07,False,False,False,2,2026-10-07T07:38:25+00:00
HovRonQiblockchain,QIE Blockchain Ecosystem🔗 🌐,21623,qiblockchainannouncement,80,14,27,10,2026-10-06,False,False,True,6,2026-10-07T07:38:52+00:00
calgocm,Calgo Community,2901,,43,12,36,11,2026-10-06,False,False,True,13,2026-10-07T07:39:19+00:00
BeanBeeAI,BeanBee,3031,,16,5,16,5,2026-10-07,False,False,False,0,2026-10-07T07:39:46+00:00
PineXFinance,PineX Finance | Official group,226,,3,2,3,2,2026-10-03,False,False,False,1,2026-10-07T07:40:13+00:00
id2150444629,Jupiter Exchange (Official Support),12887,,49,16,31,14,2026-10-06,False,False,True,6,2026-10-07T07:41:01+00:00
trustwallet,Trust Wallet - English,10319,trust_announcements,96,24,43,20,2026-10-07,False,False,True,4,2026-10-07T07:41:28+00:00
KIMCHI_BNB,ATM,189,,0,0,0,0,2026-09-13,False,False,False,0,2026-10-07T07:41:54+00:00
posternlabs,Postern Labs,326,,23,15,8,6,2026-10-06,False,False,True,18,2026-10-07T07:42:36+00:00
basecatonbase,Base(d) Cat | Official,1701,,89,31,52,22,2026-10-07,False,False,True,11,2026-10-07T07:43:02+00:00
id2043988756,Ai Discussion,91,,1,1,1,1,2026-10-06,False,False,False,9,2026-10-07T07:43:57+00:00
id2144993506,Stock Markets,57,,6,2,6,2,2026-10-07,False,False,False,0,2026-10-07T07:44:37+00:00
EverythingBubble,Everything Bubble,2,,0,0,0,0,2026-09-08,False,False,False,0,2026-10-07T07:45:16+00:00
id2075001353,Climate Change,65,,0,0,0,0,2026-09-07,False,False,False,0,2026-10-07T07:45:48+00:00
id2048307374,Fitness Health,58,,0,0,0,0,2026-09-10,False,False,False,0,2026-10-07T07:46:15+00:00
id2013665724,Grail Memes - GM,347,,8,1,7,1,2026-10-04,False,False,False,0,2026-10-07T07:46:42+00:00
id2104009619,In The News,38,,0,0,0,0,2026-10-07,False,False,False,100,2026-10-07T07:47:09+00:00
GameTerminalchat,Game Terminal,10751,,70,28,38,22,2026-10-06,False,False,True,4,2026-10-07T08:04:31+00:00
TinaCommunity,TINA Official Community,20094,,96,21,76,19,2026-10-07,False,False,True,4,2026-10-07T08:05:00+00:00
DustswapOnBase,Dustswap Official Support,6927,,22,7,10,3,2026-10-06,False,False,True,0,2026-10-07T08:05:31+00:00
wefi_official,WeFi Official Global,373,,0,0,0,0,2026-10-05,False,False,False,0,2026-10-07T08:06:06+00:00
Hoookedpad,Hooked,2488,,0,0,0,0,2026-10-07,False,False,False,100,2026-10-07T08:06:36+00:00
zipcoincash,zipcoin,3123,,0,0,0,0,2026-10-07,False,False,False,100,2026-10-07T08:07:28+00:00
nullmaskio,nullmaskio,8,,0,0,0,0,2026-09-12,False,False,False,0,2026-10-07T08:07:57+00:00
iNuApple,iNu,4308,,0,0,0,0,2026-10-07,False,False,False,100,2026-10-07T08:08:33+00:00
WeexGlobal_Group,WEEX English Official,194821,WEEXNews,100,86,97,84,2026-10-07,False,False,True,0,2026-10-07T08:11:57+00:00
TokenAI_Global,TokenAI 中文社区,1924,,22,5,22,5,2026-10-07,False,False,True,78,2026-10-07T08:15:26+00:00
id2002664907,Lifestyle Flex,43,,0,0,0,0,2026-09-06,False,False,False,0,2026-10-07T08:22:09+00:00
id2001892085,Longevity,187,,0,0,0,0,2026-10-05,False,False,False,1,2026-10-07T08:22:36+00:00
Trollbox,Trollbox,371,,0,0,0,0,2026-09-29,False,False,False,0,2026-10-07T08:23:05+00:00
id2441387271,Chatgelly,108,changelly,15,1,0,0,2026-10-06,False,False,False,0,2026-10-07T08:27:33+00:00
SafePalTG,SafePal_Official,30014,,86,24,2,1,2026-10-07,False,False,True,14,2026-10-07T08:28:00+00:00
scopuly,Scopuly - Stellar DeFi Platform,11782,scopulynews,37,5,8,5,2026-10-07,False,False,False,0,2026-10-07T08:28:40+00:00
wazirx_discuss,WazirX Discuss,33413,wazirx,73,30,47,21,2026-10-07,False,False,True,27,2026-10-07T08:32:08+00:00
usdciscool,$COOL,706,,57,13,35,9,2026-10-08,False,False,True,36,2026-10-08T11:25:29+00:00
UsePaid,PAID | CHAT,8674,,99,7,49,7,2026-10-08,False,False,True,1,2026-10-08T11:25:57+00:00
CortexNetwork_global,Cortex Network,24097,,100,23,97,22,2026-10-08,False,False,True,0,2026-10-08T11:26:24+00:00
enclave_e3,Interfold General,1922,interfoldhq_updates,99,26,56,20,2026-10-08,False,False,True,1,2026-10-08T11:26:51+00:00
Autheo_Official,Autheo,343,autheo_news_official,46,17,25,14,2026-10-08,False,False,True,0,2026-10-08T11:27:18+00:00
EventraMarketOfficial,EventraMarket Official,5475,EventraMarket,0,0,0,0,2026-09-28,False,False,False,0,2026-10-08T11:27:45+00:00
Mintellect_official,Mintellect,29056,,49,16,47,16,2026-10-08,False,False,True,1,2026-10-08T11:28:12+00:00
MagneAI,MagneAI,7948,,14,9,11,7,2026-10-08,False,False,False,0,2026-10-08T11:28:39+00:00
id1923028971,World Religions,60,,0,0,0,0,2026-08-21,False,False,False,0,2026-10-08T11:30:40+00:00
id2135854643,War Chat,113,,0,0,0,0,2026-07-28,False,False,False,0,2026-10-08T11:31:07+00:00
id2115343747,Democrats DNC Chat,338,,68,7,33,4,2026-10-07,False,False,True,0,2026-10-08T11:31:34+00:00
id2065939259,Republicans GOP Chat,588,,17,4,14,2,2026-10-08,False,False,False,0,2026-10-08T11:32:01+00:00
id1076871110,US Politics Chat,1108,,98,22,57,15,2026-10-08,False,False,True,2,2026-10-08T11:32:28+00:00
id2110057379,World Politics,64,,1,1,1,1,2026-10-06,False,False,False,0,2026-10-08T11:33:09+00:00
id1083267474,Resolutions,272,,11,4,6,4,2026-10-07,False,False,False,0,2026-10-08T11:33:36+00:00
EyeFutureChat,Eye Future Chat,273,,0,0,0,0,2025-05-19,False,False,False,0,2026-10-08T11:34:48+00:00
XypherTalk,Xypher.IO,2219,XypherIO,0,0,0,0,2026-09-26,False,False,False,0,2026-10-08T11:36:27+00:00
ElisasTAChat,Elisa's TA Chat,415,,0,0,0,0,2026-10-06,False,False,False,0,2026-10-08T11:37:44+00:00
elisasFXchat,Elisa's FX Chat,85,,0,0,0,0,2026-10-01,False,False,False,0,2026-10-08T11:38:11+00:00
WanchainCHAT,Wanchain Official,8413,WanchainANN,99,18,65,14,2026-10-08,False,False,True,1,2026-10-08T11:39:20+00:00
MultiVAC2020,MultiVAC [MTV],4141,MultiVACMTV,14,5,6,4,2026-10-08,False,False,False,1,2026-10-08T11:41:01+00:00
StrikeXcrypto,StrikeX | Community,2490,,2,2,2,2,2026-10-08,False,False,False,2,2026-10-08T11:41:32+00:00
TMGTRENCHES,TMG Trenches,601,TMGChannel,15,1,0,0,2026-10-08,False,False,False,0,2026-10-08T11:42:26+00:00
OfficialChartHouse,Chart House,681,Chart_House_Research,96,18,44,17,2026-10-08,False,False,True,2,2026-10-08T11:42:53+00:00
whitelistchat,Whitelist Chat,6388,whitelist1,95,24,15,7,2026-10-08,False,False,True,5,2026-10-08T11:44:21+00:00
Guarda_community,Guarda Community,4135,guardawallet,21,9,9,8,2026-10-08,False,False,False,1,2026-10-08T11:45:54+00:00
id1700340348,Rihanna music Rihana Chat,217,Rihannad,100,0,0,0,2026-10-08,False,False,False,0,2026-10-08T11:49:08+00:00
airdropchatter,Airdrop chat #1 💰,738,,0,0,0,0,2026-09-22,False,False,False,0,2026-10-08T11:50:21+00:00
batterypublicbeta,Tonkeeper Battery Beta,1885,,0,0,0,0,2026-06-22,False,False,False,0,2026-10-08T11:52:24+00:00
holders_cryptorobotics_eng,Cryptorobotics_chat,8284,cryptorobotics_en,75,10,40,10,2026-10-08,False,False,True,4,2026-10-08T11:53:17+00:00
binanceexchange,Binance English,332820,binance_announcements,93,21,21,13,2026-10-08,False,False,True,7,2026-10-08T11:54:21+00:00
BinanceChinese,币安官方中文群,268167,x7rL7ony7EJkZjI1,97,17,78,15,2026-10-08,False,False,True,3,2026-10-08T11:54:54+00:00
avesta_chat,CHAT - Avesta Investment Group - Uzbekistan,28,avestagroupuz,22,0,0,0,2026-10-08,False,False,False,0,2026-10-08T11:55:42+00:00
id2171928869,Venture Chat,1705,venture_tg,23,0,0,0,2026-10-08,False,False,False,0,2026-10-08T11:57:06+00:00
solicoinchat,Solicoin chat 😁,7513,,97,14,97,14,2026-10-08,False,False,True,3,2026-10-08T11:57:35+00:00
chatcointelegraph,Cointelegraph Chat,1333,cointelegraph,100,34,4,2,2026-10-08,False,False,False,0,2026-10-08T12:00:55+00:00
OKXOfficial_English,OKX English,350576,OKXAnnouncements,52,25,30,18,2026-10-08,False,False,True,48,2026-10-08T12:01:22+00:00
bitcoincomments,Bitcoin Discussion,2316,bitcoin,100,44,1,1,2026-10-08,False,False,False,0,2026-10-08T12:02:37+00:00
CoinTrendzCommunity,CoinTrendz Temple⛩,1665,,10,5,10,5,2026-10-08,False,False,False,14,2026-10-08T12:03:34+00:00
id1534080402,CryptoQuant,449,cryptoquant_official,28,10,5,1,2026-10-08,False,False,False,1,2026-10-08T12:05:25+00:00
Whale_Tracker,𝐖𝐇𝐀𝐋𝐄𝐓𝐑𝐀𝐂𝐊𝐄𝐑 | 𝐀𝐒𝐊 🗯,12533,whaletrackerofficial,57,37,57,37,2026-10-08,False,False,True,43,2026-10-08T12:07:12+00:00
wallstreetbetsforum,WallStreetBets Forum,277,WallStreetBetsReddit,96,1,1,1,2026-10-08,False,False,False,0,2026-10-08T12:13:17+00:00
PoloniexEnglish,Poloniex English,18348,PoloniexAnnouncements,33,14,26,13,2026-10-08,False,False,True,7,2026-10-08T12:19:22+00:00
MYIDbyzeroborder,MYIDverified from ZeroBorder Recover Stolen scammed or lost crypto bitcoin - crypto recovery btc,1196,,28,8,20,7,2026-10-08,False,False,True,0,2026-10-08T12:20:02+00:00
measurabledata,Measurable Data Token (MDT),7878,themdtchannel,22,6,8,5,2026-10-07,False,False,False,1,2026-10-08T12:21:09+00:00
id1304605056,RewardMe,6094,rewardmechannel,0,0,0,0,2026-10-08,False,False,False,2,2026-10-08T12:21:42+00:00
thepassportme,PassportMe,2,,0,0,0,0,2025-06-03,False,False,False,0,2026-10-08T12:22:19+00:00
sandboxgame,[Official] The Sandbox,27075,,26,14,18,12,2026-10-08,False,False,True,74,2026-10-08T12:22:49+00:00
iXRPCommunity,XRP Community,175,canalexrp,6,0,0,0,2026-10-08,False,False,False,0,2026-10-08T12:25:58+00:00
goldtradingpk_discuss,TEAMPK DISCUSSION GROUP,684,GoldTradingPK,21,0,0,0,2026-10-08,False,False,False,0,2026-10-08T12:27:01+00:00
bitcoin_memes_chat,Bitcoin Memes Chat,164,bitcoinmemes,0,0,0,0,2026-09-30,False,False,False,0,2026-10-08T12:28:22+00:00
actiontokens,Action Tokens - Official Chat,679,actiontokenslive,2,2,2,2,2026-10-08,False,False,False,0,2026-10-08T12:34:01+00:00
coinstore_Eng,Coinstore | Global (new),7883,,98,35,40,23,2026-10-08,False,False,True,2,2026-10-08T12:36:35+00:00
