Channel,Group,description
@CryptoLibrarysAirdrop,@crypgptcommunity,attivo
,@CryptoLibraryDiscussion,Attivo ma sono solo annunci
,@your_community,attivo ma sono annunci / scam (cinese )
,@tapzi_official,scam
@iotradersio,@coingecko,poco attivo
,@CyreneAI,solo annunci
,@phnx_fi,scam (cinese)
@crypgpttoken,@crypgptcommunity,poco attivo
,@Biconomycom,attivo
@CryptoWorldNews,@zcash_community_chat,attivo ma annunci
@Slidefunchannel,@slidefunchat,attivo
,@InsightXHQ,attivo
@bitcoinbase_news,@bitcoinbase_community,attivo
@QuantumStellarInitiative,@QuantumStellarInitiativeChat,attivo
@daomaker_ann,@hivello_official,attivo
,@Nexade_Official,annunci/scam cinese
,@snapmuseio,poco attivo
,@massanetwork,attivo
,@gtprotocol,attivo
@wavesnews,@UnitsNetworkOfficial,attivo
@unitsnews,@UnitsNetworkOfficial,
@airdropinspector,@BearTrapCommunity,attivo
,@StarPhoneCC,attivo
@CryptoRankNews,@cryptorank_io_sup,attivo
Gate Exchange,@GateCom_EN,
@CryptoSolutionAnn,@mansorytoken,attivo
,@MansoryTokenChat,attivo
,@tivatoken_official,attivo
,t.me/o2ramp_official/408,cinese attivo
,@retiumblockchain,attivo
,@biokript,attivo
,@hovronqiblockchain,attivo
,@calgocm,attivo
