final,channel,group,pair_type,channel_status,script,riccardo,marco,simone,other_notes
valida,@adspoweren,@adspowerenchat,own_community,active,"attivo (49 utenti, 80 msg liberi /7g)",,,,
valida,@agentaicashann,@agentaicash,own_community,active,"attivo (49 utenti, 59 msg liberi /7g)",,,,
valida,@airdrop,@airdropgroup,own_community,active,"attivo (35 utenti, 15 msg liberi /7g)",verificata a mano,confermata,,
valida,@airdropdetective,@airdropdetectivesupport,same_project_group,active,"attivo (96 utenti, 78 msg liberi /7g)",,,,
valida,@airdropinspector,@airdropsupportgroup,own_community,active,"attivo (37 utenti, 79 msg liberi /7g)",,confermata,,
valida,@apebond_news,@ape_bond,own_community,active,"attivo (21 utenti, 56 msg liberi /7g)",,,,
valida,@biconomy_ann,@biconomycom,own_community,active,"attivo (28 utenti, 36 msg liberi /7g)",,,,Simone: attivo
valida,@binance_mena_annoucements,@binancearabic,own_community,active,"attivo (33 utenti, 48 msg liberi /7g)",,,,
valida,@binance_mena_annoucements,@binancemenaenglish,same_project_group,active,"attivo (17 utenti, 9 msg liberi /7g)",,,,
valida,@bitcoinbase_news,@bitcoinbase_community,own_community,active,"attivo (53 utenti, 46 msg liberi /7g)",verificata a mano,confermata,attivo,
valida,@bsc_dailyann,@bsc_daily,same_project_group,not_checked,"attivo (11 utenti, 22 msg liberi /7g)",verificata a mano,,,
valida,@cancore_io,@cancore_chat,own_community,active,"attivo (62 utenti, 66 msg liberi /7g)",,confermata,,
valida,@chromia_announcements,@chromiatraders,same_project_group,active,"attivo (15 utenti, 26 msg liberi /7g)",,,,
valida,@chromia_announcements,@hellochromia,own_community,active,"attivo (17 utenti, 51 msg liberi /7g)",,,,
valida,@coinlotto_xyz,@coinlotto_chat,own_community,active,"attivo (54 utenti, 59 msg liberi /7g)",,,,
valida,@commas,@community_3commas,same_project_group,active,"attivo (14 utenti, 12 msg liberi /7g)",,,,
valida,@cotichannel,@cotinetwork,own_community,active,"attivo (31 utenti, 31 msg liberi /7g)",,,,
valida,@cryptoizoffice,@cryptoizindonesia,own_community,active,"attivo (14 utenti, 26 msg liberi /7g)",,,,
valida,@cryptolibrarysairdrop,@cryptolibrarysrefferal,same_project_group,active,"attivo (44 utenti, 100 msg liberi /7g)",,,,
valida,@cryptosolutionann,@cryptosolutionchat,own_community,active,"attivo (35 utenti, 71 msg liberi /7g)",,,,
valida,@detrade_exchange,@detrade_global,own_community,active,"attivo (29 utenti, 40 msg liberi /7g)",,,,
valida,@dgrid_ai_ann,@dgrid_ai,own_community,active,"attivo (34 utenti, 43 msg liberi /7g)",verificata a mano,,,
valida,@gtprotocolnews,@gtprotocol,own_community,active,"attivo (24 utenti, 48 msg liberi /7g)",,,,Simone: attivo
valida,@iopn_io,@iopn_chinese,same_project_group,active,"attivo (45 utenti, 88 msg liberi /7g)",,,,
valida,@iopn_io,@iopndiscussion,own_community,active,"attivo (37 utenti, 34 msg liberi /7g)",,,,
valida,@kucoin_news,@kucoin_exchange,same_project_group,active,"attivo (36 utenti, 33 msg liberi /7g)",,confermata,,
valida,@kucoin_news,@kumining_en,same_project_group,active,"attivo (16 utenti, 84 msg liberi /7g)",,,,
valida,@massa_latest_news,@massanetwork,own_community,active,"attivo (15 utenti, 22 msg liberi /7g)",,,,Simone: attivo
valida,@meta_earth_announcement,@meta_earth_community,own_community,active,"attivo (28 utenti, 38 msg liberi /7g)",,,,
valida,@mexcofficialnews,@mexcenglish,same_project_group,not_checked,"attivo (36 utenti, 25 msg liberi /7g)",verificata a mano,,,
valida,@mgbxancement_en,@mgbx_english,own_community,active,"attivo (18 utenti, 51 msg liberi /7g)",,,,
valida,@mstblockchain,@mstblockchainchat,own_community,active,"attivo (57 utenti, 68 msg liberi /7g)",,,,
valida,@official_tapzi,@tapzi_official,own_community,active,"attivo (12 utenti, 37 msg liberi /7g)",,,,Simone: scam; segnalata come SCAM (da tenere: è un caso di studio)
valida,@officialkybernetwork,@kybernetwork,own_community,active,"attivo (12 utenti, 21 msg liberi /7g)",,,,
valida,@ontologyannouncements,@ontologynetwork,own_community,active,"attivo (19 utenti, 46 msg liberi /7g)",,,,
valida,@powerxoneannouncement,@powerxone,own_community,active,"attivo (23 utenti, 66 msg liberi /7g)",,,,
valida,@quantumstellarinitiative,@quantumstellarinitiativechat,own_community,active,"attivo (65 utenti, 17 msg liberi /7g)",,confermata,attivo,
valida,@rektplebs,@rektplebssubmission,same_project_group,active,"attivo (13 utenti, 65 msg liberi /7g)",,,,
valida,@scandiccoin,@scandiccoin_group,own_community,active,"attivo (13 utenti, 19 msg liberi /7g)",,confermata,,
valida,@slashbizchannel,@slashbiz,own_community,active,"attivo (25 utenti, 40 msg liberi /7g)",,,,
valida,@slidefunchannel,@slidefunchat,own_community,active,"attivo (40 utenti, 54 msg liberi /7g)",,confermata,attivo,
valida,@staynexcomannouncement,@officialstaynex,own_community,active,"attivo (15 utenti, 29 msg liberi /7g)",,,,
valida,@sweepglobal,@sweepglobal_chat,own_community,active,"attivo (31 utenti, 36 msg liberi /7g)",,,,
valida,@wavesnews,@wavescommunity,own_community,active,"attivo (12 utenti, 24 msg liberi /7g)",,confermata,,
valida,@whalesguide,@whalescryptos,own_community,active,"attivo (53 utenti, 41 msg liberi /7g)",,confermata,,
valida,@zilliqa,@zilliqachat,own_community,active,"attivo (21 utenti, 32 msg liberi /7g)",,,,
dubbia,@coingeckonews,@coingecko,own_community,active,"attivo (13 utenti, 21 msg liberi /7g)",,,,Simone: poco attivo
dubbia,@crypgpttoken,@crypgptcommunity,own_community,active,"attivo (15 utenti, 28 msg liberi /7g)",,confermata,poco attivo,
dubbia,@cryptolibrarysairdrop,@cryptolibrarydiscussion,same_project_group,active,"attivo (45 utenti, 95 msg liberi /7g)",,confermata,Attivo ma sono solo annunci,
dubbia_soglia,@daomaker_ann,@daomaker,own_community,active,"sotto soglia (5 utenti, 4 msg liberi /7g)",,confermata,,
dubbia_soglia,@deepseaio,@deepsea_chat,own_community,active,"sotto soglia (27 utenti, 9 msg liberi /7g)","trovato a mano (gruppo collegato, esiste)",,,
dubbia_soglia,@unitsnews,@unitsnetwork,own_community,active,"sotto soglia (7 utenti, 5 msg liberi /7g)",,confermata,,
da_verificare,@airdropdetective,@emberwing_group,not_in_data,active,non controllato,,confermata,,
altro_progetto,@airdropinspector,@starphonecc,other_project,active,"sotto soglia (9 utenti, 13 msg liberi /7g)",,segnalato,,
altro_progetto,@airdropo,@cryptogamingtech,other_project,active,"sotto soglia (4 utenti, 5 msg liberi /7g)",,confermata,,
altro_progetto,@crypgpttoken,@biconomycom,other_project,active,"attivo (28 utenti, 36 msg liberi /7g)",,,attivo,
altro_progetto,@cryptolibrarysairdrop,@crypgptcommunity,other_project,active,"attivo (15 utenti, 28 msg liberi /7g)",,,attivo,
altro_progetto,@cryptolibrarysairdrop,@tapzi_official,other_project,active,"attivo (12 utenti, 37 msg liberi /7g)",,,scam,segnalata come SCAM (da tenere: è un caso di studio)
altro_progetto,@cryptolibrarysairdrop,@your_community,other_project,active,"attivo (31 utenti, 5 msg liberi /7g)",,,attivo ma sono annunci / scam (cinese ),segnalata come SCAM (da tenere: è un caso di studio)
altro_progetto,@cryptoworldnews,@zcash_community_chat,other_project,active,"attivo (12 utenti, 61 msg liberi /7g)",,confermata,attivo ma annunci,
altro_progetto,@daomaker_ann,@gtprotocol,other_project,active,"attivo (24 utenti, 48 msg liberi /7g)",,,attivo,
altro_progetto,@daomaker_ann,@hivello_official,other_project,active,"attivo (19 utenti, 31 msg liberi /7g)",,,attivo,
altro_progetto,@daomaker_ann,@massanetwork,other_project,active,"attivo (15 utenti, 22 msg liberi /7g)",,,attivo,
altro_progetto,@daomaker_ann,@nexade_official,other_project,active,"attivo (21 utenti, 0 msg liberi /7g)",,,annunci/scam cinese,segnalata come SCAM (da tenere: è un caso di studio)
altro_progetto,@daomaker_ann,@snapmuseio,other_project,active,"attivo (27 utenti, 18 msg liberi /7g)",,,poco attivo,
altro_progetto,@iotradersio,@coingecko,other_project,active,"attivo (13 utenti, 21 msg liberi /7g)",,,poco attivo,
altro_progetto,@iotradersio,@cyreneai,other_project,active,"attivo (7 utenti, 8 msg liberi /7g)",,,solo annunci,
altro_progetto,@iotradersio,@phnx_fi,other_project,active,"attivo (19 utenti, 3 msg liberi /7g)",,,scam (cinese),segnalata come SCAM (da tenere: è un caso di studio)
altro_progetto,@slidefunchannel,@insightxhq,other_project,active,"attivo (18 utenti, 84 msg liberi /7g)",,,attivo,
esclusa,@airdropo,@airdropninjagroup,own_community,active,"attivo (19 utenti, 74 msg liberi /7g)",,,,Marco: gestito da bot
esclusa,@bullionbitcoinbs,@rugpullradio,own_community,active,"attivo (22 utenti, 35 msg liberi /7g)","esclusa: piccolo, 9 utenti nei msg liberi; escluso",,,
esclusa,@hoodinalsnews,@hoodinals,own_community,active,"attivo (7 utenti, 14 msg liberi /7g)",esclusa: canale con 6 iscritti; escluso,,,
esclusa,@openledgerkoreaann,@openledgerkorea,own_community,active,"attivo (10 utenti, 25 msg liberi /7g)",esclusa: gestito da bot (Marco); escluso,,,Marco: gestito da bot
