channel,target,found_in,target_type,target_title,note
ELPjq,AmalekInternationalChatV3,post_mention,not_found,,
ELPjq,AmalekInternationalChatV2,post_mention,not_found,,
ELPjq,AltSkull48,post_mention,channel,Alt Skull's Charnel House,
ELPjq,wordsarewordz,post_mention,group,WordsAreWordz,inactive
ELPjq,JewTruthArchive,post_mention,channel,Jewish Truth Archive,
ELPjq,Retards_TikTok,post_mention,channel,Retards_TikTok,
ELPjq,Retardsoftiktok,post_mention,channel,𝐑𝐞𝐭𝐚𝐫𝐝𝐬 𝐨𝐟 𝐓𝐢𝐤𝐓𝐨𝐤,
ELPjq,kingbau,post_mention,user_or_bot,,
ELPjq,kenokeefe,post_mention,channel,Ken O'Keefe Official,
ELPjq,LeafWaffen88,post_mention,channel,LEAF WAFFEN,
ELPjq,Revelations_and_,post_mention,not_found,,
ELPjq,No_BS_News,post_mention,not_found,,
ELPjq,jakeshieldsajj,post_mention,not_found,,
ELPjq,Lucas_Gage_,post_mention,not_found,,
ELPjq,leatherApronGuy,post_mention,not_found,,
ELPjq,IanMalcolm84,post_mention,channel,lanMalcolm84,
ELPjq,theriseofrod,post_mention,not_found,,
ELPjq,iamatotalpieceofshit,post_mention,channel,I am a total piece of shit,
ELPjq,revelations_and_rabbit_holes,post_hidden,channel,𝚁𝚎𝚟𝚎𝚕𝚊𝚝𝚒𝚘𝚗𝚜 𝚊𝚗𝚍 𝚁𝚊𝚋𝚋𝚒𝚝 𝙷𝚘𝚕𝚎𝚜,
ELPjq,trumpetnews1,post,channel,🔴   Blazing Press   🔴   BP NEWS,
ELPjq,gentilenews,post_hidden,channel,Gentile News Network,
ELPjq,ww2speeches,post,channel,World War 2 speeches and primary source archive🐸,
ELPjq,thewhitepost,post_hidden,not_found,,
TheBureauOfMemeticWarfareOG,id1678416302,linked_chat,group,Christmas Warfare General (315 days to Chistmas),comments only
TheBureauOfMemeticWarfareOG,geopolitics_prime,post_mention,channel,Geopolitics Prime,
TheBureauOfMemeticWarfareOG,GeneralMCNews,post_mention,channel,The General,
TheBureauOfMemeticWarfareOG,CIG_telegram,post_mention,channel,/CIG/ Telegram | Counter Intelligence Global,
TheBureauOfMemeticWarfareOG,Middle_East_Spectator,post_mention,channel,Middle East Spectator — MES,
TheBureauOfMemeticWarfareOG,warrenbalogh88,post,channel,Warren Balogh,
TheBureauOfMemeticWarfareOG,+hlrnok92f31myziy,invite,private_invite,,not opened
hapaperspective,hapaperspectivechat,linked_chat,group,HapaPerspective Chat,community (free chat)
hapaperspective,thehapaperspective,description,user_or_bot,,
hapaperspective,AltSkull48,post_mention,channel,Alt Skull's Charnel House,
hapaperspective,MemoriaNatio,post_mention,channel,MEMORIA NATIO,
hapaperspective,penzberger_traumnacht,post_mention,channel,Penzberger traumnacht,
hapaperspective,Nationalist13,post_mention,channel,Nationalist-13,
hapaperspective,NatAudio2,post_mention,channel,Nationalist Audio,
hapaperspective,NoticerNews,post_mention,channel,Noticer News,
hapaperspective,themarauderproject,post,channel,The Marauder Project,
hapaperspective,gramscianradio,post,channel,The Gramscian Radio,
hapaperspective,leaklive,post_hidden,channel,LiveLeak,
hapaperspective,doomposting,post_hidden,channel,DoomPosting,
hapaperspective,simpsunleashed,post,channel,Simps Unleashed,
hapaperspective,frontier_conflict1,post,channel,frontier_conflict,
hapaperspective,thuletide,post,channel,Thuletide,
hapaperspective,legioneuropa,post,channel,Legion Europa,
hapaperspective,himawarikai,post,channel,Sunflower Society ヒマワリ会,
hapaperspective,americannationalist91,post,channel,Doug Huntington,
hapaperspective,baltic_black_sea,post,channel,Cemil Kerimoglu,
hapaperspective,johnthenoticer,post,channel,John Rain the Noticer,
hapaperspective,nationaljusticeparty,post,channel,The National Justice Party   🎉,
hapaperspective,andy_ngo,post,channel,Andy Ngo (Official),
hapaperspective,the_course_of_empire,post,channel,The Course of Empire (Uncensored),
hapaperspective,nixjeelvy,post,channel,Nicholas R. Jeelvy,
hapaperspective,+y2knn-8lfv4ynjgy,invite,private_invite,,not opened
r_communism,r_channels,description,group,reddit2telegram,inactive
r_communism,reddit2telegram,description,group,reddit2telegram,inactive
r_latestagecapitalism,r_channels,description,group,reddit2telegram,inactive
randomreposts,half_life_stuff,description,channel,Valve related and also some gamedev stuff,
randomreposts,hasl_incurious,description,user_or_bot,,
randomreposts,shitpost,post_mention,channel,Shitpost,
randomreposts,mosfellsbaer,post,channel,Мосфедльсбайр,
saintharrison,id1696600103,linked_chat,group,Saint Harrison Chat,comments only
saintharrison,ChannelCollection,description,channel,● Procurement ●,
saintharrison,disclosetv,post_mention,channel,Disclose.tv,
saintharrison,NoticerNews,post_mention,channel,Noticer News,
saintharrison,AltSkull48,post_mention,channel,Alt Skull's Charnel House,
saintharrison,DDGeopolitics,post_mention,channel,DD Geopolitics,
saintharrison,totallyawesomefriends,post,channel,Totally Awesome Friends,
saintharrison,tomsewelluncensored,post,channel,Tom Sewell,
saintharrison,isabelperaltaoficial,post,channel,Isabel Peralta,
thuletide,racerealismchannel,description,channel,Race Realism Channel,
irishpatriots,IrishPatriotsChat,linked_chat,group,Irish Patriots Chat,community (free chat)
irishpatriots,channelcollection,description,channel,● Procurement ●,
irishpatriots,CatholicArena,post_mention,channel,Catholic Arena,
ZestyCommies,id1355989652,linked_chat,group,People's Republic of Telegram,comments only
ZestyCommies,De_PRoT,description,channel,@De_PRoT,
ZestyCommies,r_propagandaposters,post_mention,channel,Propaganda Posters,
EAHAWhite,id1259372211,linked_chat,group,EHS Chat,comments only
EAHAWhite,AtlanticNationalistClub,post_mention,channel,Archive,
EAHAWhite,NJEHA1,post_mention,channel,NJEHA Official Feed,
EAHAWhite,EmbracestruggleAC,post_mention,channel,Screw your optics,
mpvids,martinezpolitix,description,channel,Martinez Politics,
WarmasterHorus,nastymutant,description,not_found,,
GDL4LIFE,ZornDerGotterHC,post_mention,not_found,,
GDL4LIFE,NAVO_14,post_mention,user_or_bot,,
GDL4LIFE,odubslilcorner,post,group,ODub’s lil Corner,active
GDL4LIFE,nsdap_life,post,channel,In Ace we Trust,
ResolutionRDO,SonnyThomasShow,description,channel,🔥The Sonny Thomas Show™🔥🎙️,
ResolutionRDO,TPCJamesEdwards,post_mention,not_found,,
ResolutionRDO,thelewmoore,post_mention,not_found,,
ResolutionRDO,Gia_Santos_,post_mention,not_found,,
ResolutionRDO,kittenstormer,post_mention,not_found,,
ResolutionRDO,Springboks,post_mention,user_or_bot,,
ResolutionRDO,AllBlacks,post_mention,user_or_bot,,
ResolutionRDO,TheHMD2,post_mention,channel,🎧The HMD Music Resource Guide 📻,
ResolutionRDO,ResolutionRDO1,post_mention,not_found,,
ResolutionRDO,podbeancom,post_mention,not_found,,
