username,channel_id,score,title,n_subscribers_2022,last_message_date,months_before_end,n_tme_targets,groupish_links,scam,archive
bitcoin_industry,1476708816,9.82,Bitcoin Industry,446153,2022-07-31,0.0,108,amarkets_en aquariscommunity cellframe_dev_en coinfieldchat coregroupcc coregroupchat facepays_chat foodnearcommunity hackenclub magiccraftgamechat,False,1
Bitcoin_NewsTG,1440886655,9.78,Bitcoin News,358834,2022-07-31,0.0,66,coinsbit_chat fassetchat pmlchat sappchat sappchatchannel,False,1
CryptoWorldICOs,1442441936,9.78,Crypto World ICOs,360054,2022-07-31,0.0,107,burencycommunity coinsbit_chat holdefigroup marsofficialcommunity melecoincommunity moondefiofficialgroup onetorogroupofficial pic_versechat pmlchat unilysischat,False,1
CoinList_Trade,1099282475,9.77,CoinList,343389,2022-07-30,0.0,66,adaxcommunity betucommunity cwgroup dropstab_en fota_groupchat gaugecashchat grandtimechateng mooncraftchat oilclubofficialchat polarschat,False,1
Crypto_Publisher,1435412816,9.77,Crypto Publisher,342196,2022-07-31,0.0,80,aaxcommunity ccfchat cellframe_dev_en coinsbit_chat gmt_token_talk govworld_community niftsy_en pmlchat recomnetworkgroup unicorndefigroup,False,1
CryptoNewsSource,1487889236,9.73,Crypto News Source,288238,2022-07-31,0.0,51,cellframe_dev_en coinsbit_chat unixo_chat,False,1
Bitcoin_Ethereum_Trading,1397190462,9.72,Bitcoin & Ethereum Trading,273961,2022-07-31,0.0,57,aaxcommunity buffschat ccfchat hashbon_chat honeyfarmchat oilclubofficialchat pmlchat,False,1
Whalesguide,1288385100,9.7,Whales Crypto Guide,253941,2022-07-31,0.0,21,taxi_finance_chat unilysischat,False,4
Crypto_Bitcoin_Blockchain,1486309695,9.69,Crypto | Bitcoin | Blockchain,243902,2022-07-31,0.0,35,oilclubofficialchat smartkeychat,False,1
CryptoWorldNews,1277327948,9.66,Crypto World News,206351,2022-07-31,0.0,73,bqtcommunity btca_en crypterium_en cryptochatcwn cwnchat jurcommunity mones_chat optyncommunity pic_versechat roobee_chat,False,1
TradeCryptoNow,1270071909,9.62,Trade Crypto Now,176805,2022-07-31,0.0,88,bqtcommunity burencycommunity centricchat coinsbit_chat communitycalls cryptocuechat cryptology_community hashbon_chat jurcommunity oilclubofficialchat,False,4
CryptoWorldAnalysis,1177889000,9.61,Crypto World Analysis,166209,2022-07-31,0.0,44,pic_versechat,False,1
Bitcoin_Magazine,1498137829,9.6,Bitcoin Magazine,161900,2022-07-31,0.0,63,bananazclub bholdus_encommunity coinfieldchat cryptochatcwn defihorse_community metastakingsofficialgroup ring_financial_chat xtrxcommunity,False,1
Bitcoin_Crypto_Coin_Calendar,1336567569,9.56,Crypto Calendar News,132259,2022-07-31,0.0,40,ccfchat dehive_chat ekta_community gmt_token_talk hashbon_chat magician_official_group pmlchat,False,1
CryptoCoinsCoach,1230368984,9.56,CCC.io,130634,2022-07-31,0.0,37,persistenceonechat phuture_group,False,1
CryptoMarketTime,1350751489,9.54,Crypto Market Time,119689,2022-07-31,0.0,111,aaxcommunity btca_en burencycommunity coinsbit_chat coinwhispererschat cryptorubic_chat cwnchat deficonnectgroup ekta_community fetefinancechat,False,1
CryptoMarketUpdates,1172702125,9.53,CryptoMarketUpdates,113025,2022-07-31,0.0,79,btca_en ccfchat cufinancegroup enexspacechat magiccraftgamechat moondefiofficialgroup oilclubofficialchat,False,1
the_hedger,1297708697,9.51,Crypto Hedger,104237,2022-07-31,0.0,61,amazyio_en chat2gather cryptorubic_chat fanadisegrouptalk idlecyber_chat memoverse_io_chat polypadchat robinoscommunity seorbangladeshgroup seorgroup,False,4
toncoin,1233043722,9.5,TON Community,99956,2022-07-31,0.0,61,decentralized_club gbotston_en juston_en mutanttoadz_en tonairplane_en toncoin_chat toncoin_en tonducks_en tonsociety_chat wallet_news_en,False,4
thebull_crypto,1382986975,9.49,The Bull,93671,2022-07-31,0.0,112,a2dao_chat amazyio_en arpa_community bloktopiachat corestarter_chat fanadisegrouptalk heroesempires_en idlecyber_chat memoverse_io_chat polypadchat,False,3
unfolded,1358788312,9.49,unfolded.,97288,2022-07-29,0.1,24,deltaexchat unfolded_chat,False,4
cointiger_announcements,1323171113,9.48,CoinTiger Announcements,92926,2022-07-31,0.0,628,apeiron_chat apollocommunity arabic_cash_en arkercommunity assaracommunity babydougchat baelive_group belecxchat biswap20group bloktopiachat,False,1
Kucoin_News,1128134602,9.48,KuCoin News,91781,2022-07-31,0.0,735,acentofficialchat antimatterchat apollocommunity arcs_arx_en arenum_community arkercommunity arpa_community bithotelcommunity blockstackchat bloktopiachat,False,2
cryptodakuofficial,1350816112,9.45,Crypto Daku,78709,2022-07-31,0.0,731,amasa_community antimatterchat apyfinancechat arizecommunity arkercommunity arkrivalsindiancommunity artxcommunity aspoworldcommunityofficial battleofguardianschat bcmhuntgroup,False,1
BitcoinBreaking,1421642163,9.44,⭕Bitcoin Breaking⭕,76034,2022-07-31,0.0,32,btca_en pmlchat utopiachatoff,False,1
InvestmentTradingUpdates,1459459301,9.44,Investment & Trading Updates,75688,2022-07-31,0.0,33,dehive_chat metastakingsofficialgroup oilclubofficialchat outcomegroup,False,2
ico_analytic,1252741288,9.38,ICO Analytics (StandWithUkraine 🇺🇦),56850,2022-07-27,0.1,24,arpa_community lokicommunity plutus_group,False,2
signals_binance_trading,1228866082,9.38,Binance Trading Signals,364268,2022-07-18,0.4,16,hashbon_chat minersgardenchat,False,3
icodrops,1108179394,9.37,ICO Drops - ICO News & Alerts,55350,2022-07-31,0.0,83,auditchain_community dropstab_en fletaofficialgroup hyprrcommunity okexofficial_en persistenceonechat polarschat,False,2
coindar,1110096867,9.24,Coindar,29796,2022-07-30,0.0,39,bitfolio_community coindar_chat thetateethgroup vertex_community_group,False,1
MinterTeam,1229084728,9.21,Minter Network,26641,2022-07-27,0.1,39,biplenta_en citex_en genius_node_en minterdev_en minterdevchat minternetworkgroup minterscan_en publicnode_en validatorcenterchat,False,2
ElrondNetworkAnn,1313569013,9.2,Elrond Network - Announcements,25261,2022-07-31,0.0,27,fliporhodlchat,False,1
daomaker_ann,1276490996,9.19,DAO Maker News,24417,2022-07-17,0.5,126,adaswapcommunity amazyio_en befitter_chat bemil_chat chroniclecommunity coinspaid_chat cryptopiggroup demole_iocommunity heroesempires_en onesolcommunity,False,1
top7ico,1210046212,9.17,Top 7 ICO (StandWithUkraine 🇺🇦),21823,2022-07-31,0.0,112,amasa_community bemil_chat darenft_official_group dtravelcommunity fantomgochat mymasterwargroup nftbcommunity nunet_community persistenceonechat shopnext_chat,False,4
wavesnews,1050702615,9.16,Waves 🌊 (1 ➝ 2),21253,2022-07-25,0.2,60,amaloversclub neutrino_group panteragroup tradingene_channel_en wavescommunity wavescommunityru wavesenterprisegroup waveslabchat,False,4
crypto_news,1390962007,9.15,Crypto News,79541,2022-07-31,0.0,17,ginu_chat persistenceonechat,False,1
PolygonAnnouncements,1217898451,9.13,Polygon Official Announcements,18592,2022-07-30,0.0,65,fliporhodlchat gagarin_talk geodbgroup persistenceonechat,False,3
ZeroSwap_ANN,1300057087,9.1,ZeroSwap Official Announcements 🔁,15634,2022-07-27,0.1,78,acknoledgercommunity anypad_chat cannumogroup enexspacechat fliporhodlchat frontierdotxyz_chat legionnetworkcommunity satoshi_club unmarshal_chat workquestchat,False,4
excavochannel,1114602112,9.09,EXCAVO CHANNEL,14908,2022-07-27,0.1,39,excavo_chat excavo_fx_chat excavochat onemlnnft_community smartpad_group weld_chat,False,1
QuantumStellarInitiative,1240702351,9.09,✨Quantum Stellar Initiative✨,14952,2022-07-31,0.0,68,coquorumchat drgroupofficial gesaracryptochatchannel gqxcapitalchat__ gqxgreatersanantoniochat kabbalahcommunity leapofconsciousnesschat qsicachat quantum_marketing_chat quantumstellarinitiativechat,False,3
patronsofthemoon,1310455426,9.05,Patrons of the Moon,12565,2022-07-31,0.0,160,autostakechat axelarcommunity blackfiskchat defire_community escrow_protocol_chat labsgroupio orangeprotocol_talk shibnobicommunity solice_io_chat vempirediscussion,False,3
Generation_Crypto,1112752777,9.04,Generation Crypto #StandWithUkraine🇺🇦,12117,2022-07-29,0.1,224,antexchat bemil_chat cfxquantumgroup coinspaid_chat daostackcommunity fantomgochat finom_community gbxcommunity gcryptochat genshardschat,False,2
CryptoRankNews,1283043045,9.03,CryptoRank News,11222,2022-07-31,0.0,161,acbtc_community apyfinancechat arpa_community bsclaunchgroup coinspaid_chat cryptofightclubchat dehive_chat hcaptchachat naboxcommunity nunet_community,False,1
cryptoizoffice,1224798585,9.02,Cryptoiz Research,10826,2022-07-31,0.0,357,aaxcommunity algogemslounge anypad_chat apyfinancechat atokencommunity avatarwarsgroup bitmex_group botplanetchat cloudbit_token_group corestarter_chat,False,1
rektplebs,1303782697,9.01,Rekt Plebs,10627,2022-07-29,0.1,25,hbarhcommunityprice insolarcommunity,False,3
tehmoonwalkin,1213985125,8.98,tehMoonwalkeR Announcements,9255,2022-07-31,0.0,707,adaswapcommunity algolaunchchat amaloversclub amazyio_en antexchat aspoworldchinacommunity astartergroup auditchain_community battleofguardianschat bcmhuntgroup,False,3
Toncoin_tc,1777081668,8.96,TON中文頻道,8341,2022-07-30,0.0,53,decentralized_club gbotston_en juston_en mutanttoadz_en toncoin_cn_chat tonducks_en tonsociety_chat wallet_news_en,False,4
chromia_announcements,1224440791,8.94,Chromia Official Announcements,7718,2022-07-31,0.0,79,bithumbglobal_en coinkocommunity cryptocaliburchat cryptofamilygroup dbcryptochat fliporhodlchat hccapital_chat hedgetchat hellochromiakrchat hillrisecapitalchat,False,1
cotichannel,1380127822,8.91,COTI CHANNEL,6511,2022-07-31,0.0,26,changenow_chat media_protocol_community,False,1
altcoinwhales,1085370787,8.91,Altcoin Whales,6549,2022-07-31,0.0,53,artemcryptochat artemcryptoclub excavo_chat excavo_fx_chat okexofficial_en ventcommunity,False,1
UniLendAnnouncement,1458961069,8.9,UniLend Finance Official Announcement,6318,2022-07-31,0.0,42,bithumbglobal_en cryptonewsid_group elk_finance_chat gainschat getrichwithmandygroupchat imcommunityitw psquare_chat satoshi_club satoshi_club_channel wazirx_discuss,False,4
plotx_ann,1130023675,8.89,PlotX Announcements,5968,2022-07-30,0.0,21,hillrisecapitalchat,False,3
cmcal_bot,1350915658,8.88,CoinMarketCal Bot,57085,2022-07-31,0.0,15,bithotelcommunity geomachat ginu_chat triallcommunity,False,1
bullionbitcoinbs,1441410644,8.88,"bullion, bitcoin & bullsh*t w/ GMONEY",5876,2022-07-31,0.0,88,clickbaitexposechat,False,1
alphacryptoproject,1492918668,8.88,ACP calls,5825,2022-07-27,0.1,36,acpcommunity klondike_discussion moni_talks onchainchat onemlnnft_community stackingchatter,False,1
amaloversclub_channel,1338018370,8.88,AMA LOVERS CLUB CHANNEL,5796,2022-07-31,0.0,955,acknoledgercommunity ageoftanksdiscussion amaloversclub aspoworldcommunityofficial bcmhuntgroup bemil_chat bholdus_encommunity bicyclefiofficialgroup bintexfutures_chat bithotelcommunity,False,1
pSquare_Channel,1202459647,8.88,PSquare Daily News & Announcements Channel,5658,2022-07-31,0.0,87,apyfinancechat bscdottoolschat fliporhodlchat genshardschat origoofficialgroup persistenceonechat pramodscommunity psquare_chat thecccommunity timcommunity,False,3
OntologyAnnouncements,1163094211,8.88,Ontology Official Announcement,5773,2022-07-29,0.1,52,contentosofficialgroup2 gamedao_en kalata_group tlod_en,False,3
Dexe_network,1454580731,8.87,DeXe Network - Announcements,5550,2022-07-28,0.1,20,dexe_network_official_chat pg111_en,False,1
BitMaxOfficialAnnouncement,1168785398,8.84,AscendEX Official Announcement,4711,2022-07-30,0.0,29,bitmaxiobtmxiokoreancommunity bitmaxiodutchcommunity,False,1
commas,1235303639,8.84,3Commas.io,18839,2022-07-31,0.0,17,commaschat commaschates commaschatru community_3commas cqsscalpingchat,False,1
Bitcoin_Crypto_Signals,1171057811,8.83,Bitcoin Crypto Signals,71159,2022-07-31,0.0,14,oilclubofficialchat,False,1
FrontierDotXYZ,1343222531,8.83,Frontier Announcements,11421,2022-07-27,0.1,18,frontierdotxyz_chat wazirx_discuss,False,2
itubernews,1121803054,8.81,iTuber Crypto News,4073,2022-07-29,0.1,38,dehedgeofficialchat mobuchat origoofficialgroup,False,2
JackDorseyCoins,1386020896,8.78,Jack Dorsey Coins 🚀,57540,2022-07-31,0.0,14,ginu_chat,False,2
walletsscan,1180648345,8.78,WalletsScan,3656,2022-07-30,0.0,26,kngchat polarschat timexioruchat xtrade_community,False,4
luaswapANN,1394136379,8.77,LuaSwap Official Announcement,3389,2022-07-30,0.0,29,cryptolibrarydiscussion daolaunchcommunity howlcity_en imcommunityit imcommunityitw kdg_en luapricechat starbotschat,False,2
zilliqa,1231634137,8.75,Zilliqa Announcement,12834,2022-07-30,0.0,17,houseofchimerachat zilliqachat zilswapcommunity,False,4
Tidex_News,1136487855,8.73,TIDEX.News,2861,2022-07-29,0.1,23,tidex_official_ru,False,4
elon_musk,1454060251,8.72,Elon Musk,27537,2022-07-31,0.0,15,bybit_activities_en,False,1
artemcrypto,1213771765,8.72,ARTEM CRYPTO 🇺🇦@arshevelev,4447,2022-07-31,0.0,19,artemcryptochat artemcryptoclub blackstone_chat,False,1
OhHeyMattyOfficialANN,1181638206,8.68,OhHeyMatty Official Crypto Announcement Channel,2280,2022-07-22,0.3,46,defi_crypto_chat lobsters_chat,False,3
vite_ann,1379900824,8.68,Vite Announcements🏃‍♂️,2328,2022-07-28,0.1,35,dbcryptochat gainschat hillrisecapitalchat vite_en wazirx_discuss,False,4
crypto_nats,1187207393,8.65,Crypto-Nats,1987,2022-07-29,0.1,25,rachblevinsgroup,False,1
TheEconomyNews,1749103723,8.63,The Economy News,1790,2022-07-31,0.0,55,cryptopunksclub nftcollectorgroup sbmkchat,False,3
TON_DEV,1344059810,8.63,Everscale Dev EN,1792,2022-07-29,0.1,27,augual_chat toncontests_en tondev_en tonecosystem_en,False,4
freenewspaper,1382827658,8.62,Free Newspaper,4443,2022-07-06,0.8,18,ipoclub21,False,2
WCSECHANNEL,1261074486,8.58,WCSE Trading Hub 🎯,23328,2022-07-31,0.0,14,wcsefxtalks wcsetalks,False,4
slashbizchannel,1761523256,8.57,"/biz/~ @bizcensorship ~ Sneed, Crypto, Business and Finance, memes and news, and",1349,2022-07-31,0.0,95,agentsoftruthchat crypthon_infosec_en dvpnpricediscussion hausechat69 osmosis_chat,False,3
lodgenews,1429010485,8.53,El Lodge,1169,2022-07-15,0.5,26,dbcryptochat dudesignalschat getrichwithmandygroupchat,False,2
CryptoSurge_ANN,1118068912,8.5,Crypto Surge Announcements,998,2022-07-17,0.5,34,cryptosurge_en defi_crypto_chat rif_os_community,False,1
coinfeed,1295374554,8.49,Coinfeed,935,2022-07-27,0.1,70,amigo_club clubmoon minterinuchat,False,1
lorancrypyto,1393210905,8.43,Crypto Trading Signals Free / cryptopasta,707,2022-07-31,0.0,451,bitcoin_group_one cryptosignalgroup cryptowhalesclubz excavo_chat expertoptradinggroup ircryptoclub marcuscryptogroup megasignalsgroup tradecommunitycrypto,False,2
anrknetworkann,1348736605,8.4,Ankr Official Announcements,6371,2022-07-30,0.0,15,dbcryptochat hillrisecapitalchat vite_en,False,1
Bridge_Oracle,1132855721,8.39,Bridge Oracle,244089,2022-07-31,0.0,7,naboxcommunity xtsupport_en,False,1
CryptoAlerts,1096895462,8.38,Crypto Alerts,22761,2022-07-26,0.2,12,durovschat,False,1
Btc_789,1223335030,8.31,币圈财经新闻,16968,2022-07-23,0.3,12,neworiginnoc_en,False,1
AirdropsEagle,1287003194,8.29,Airdrops Eagle™,37404,2022-06-03,1.9,238,adroversegroup assist_community avastartercommunity binance_finance_community bulllaunchpadchat cartelofficialchat clashofgodsglobalchat cztoken_group dexlabs_chat elonmarsrise_official_group,False,1
CardanoAnnouncements,1259177203,8.28,Cardano Announcements,92585,2022-07-29,0.1,8,cardanostakepoolworkgroup,False,1
BitcoinInventors,1669428026,8.25,Bitcoin Inventors,320,2022-07-31,0.0,61,cryptopunksclub nftcollectorgroup sbmkchat,False,1
Bitmex_Coach,1404018052,8.25,Bitmex,4958,2022-07-31,0.0,14,bitmexcoachchat,False,1
BestTokenNews,1428580796,8.25,Best Token News,320,2022-07-31,0.0,55,cryptopunksclub nftcollectorgroup sbmkchat,False,1
CryptoVigilanteANN,1422411115,8.23,CryptoVigilante,7120,2022-07-30,0.0,13,citex_en,False,1
TomoChainChannel,1295319991,8.23,TomoChain Announcement,4524,2022-07-19,0.4,14,bigbomicogroup,False,4
DAOautonomous,1780223986,8.22,DAO autonomous,277,2022-07-31,0.0,61,cryptopunksclub nftcollectorgroup sbmkchat,False,1
hapi_ann,1313586814,8.21,#HAPI Announcements,1687,2022-07-23,0.3,16,bocachica_group disbalancer_group enexspacechat poolzofficialcommunity,False,2
VvanV,1429538933,8.19,Hlunb,244,2022-07-31,0.0,86,cryptopunksclub nftcollectorgroup sbmkchat,False,4
CTBCh,1745881983,8.13,Crypto Trading Bitcoin Channel,185,2022-07-31,0.0,61,cryptopunksclub nftcollectorgroup sbmkchat,False,1
cryptokings25,1294498041,8.11,Crypto Kings™,16896,2022-05-05,2.9,23,dao1globalchat,False,1
QSINEWSCA,1626872786,8.1,✨NorCal QSI NEWS✨,156,2022-07-31,0.0,155,fredenergycommunity gqxcapitalchat kabbalahcommunity leapofconsciousnesschat lumenswapcommunity millionnftsgroup purestellarchat qsicachat quantum_marketing_chat quantumstellarinitiativechat,False,3
bitcoinsignals,1007486324,8.08,Bitcoin Trading Signals,1417,2022-07-31,0.0,15,otngroup tokenstars_en,False,1
SHIBAinuInfo,1703265721,8.08,SHIBA INU Info,145,2022-07-31,0.0,55,cryptopunksclub nftcollectorgroup sbmkchat,False,3
Crypto_Trading_Bitcoinf,1248722110,8.06,Crypto Trading Bitcoin,210207,2022-05-15,2.5,14,hashbon_chat minersgardenchat onetorogroupofficial,False,1
EthereumDaily,1724583330,8.05,Ethereum Daily,126,2022-07-31,0.0,61,cryptopunksclub nftcollectorgroup sbmkchat,False,1
changelly,1336604503,8.05,Changelly,3112,2022-07-28,0.1,13,blockchaincuties_en,False,1
GoldTradeNews,1209424557,8.05,Gold Trade News,126,2022-07-31,0.0,46,cryptopunksclub nftcollectorgroup sbmkchat,False,2
TheCryptoMeme,1755470272,7.95,The Crypto Meme,79,2022-07-31,0.0,55,cryptopunksclub nftcollectorgroup sbmkchat,False,3
etnxnews,1327737935,7.93,Electronero Network - Official News - ETNX | ETNXP | LTNX | GLDX | CRFI,1128,2022-07-15,0.5,14,aqcommunitychatroom aqcommunitynews,False,1
Tricky_crypto,1187712953,7.92,Tricky crypto,6835,2022-05-27,2.1,52,aizaworldcommunity babyharechat cannumogroup digiblechat dxspotgroup elonflokidogechat eshoptokengroup legendverse_official_group metadragnarok_official_community pikachucoingroup,False,4
CryptoPunksClub,1544644340,7.88,Crypto Punks Club,57,2022-07-31,0.0,55,nftcollectorgroup sbmkchat,False,1
CoinbaseReport,1609605643,7.87,Coinbase Report,53,2022-07-31,0.0,49,cryptopunksclub nftcollectorgroup sbmkchat,False,1
GetGoodTA,1250202107,7.87,GetGood! Full-Time Trading,861,2022-07-31,0.0,14,getgoodchat,False,2
MetaverseAccount,1723058370,7.8,Metaverse Account,39,2022-07-31,0.0,49,cryptopunksclub nftcollectorgroup sbmkchat,False,2
wazirx,1327215255,7.8,WazirX Announcements,252364,2022-07-27,0.1,1,wazirx_discuss,False,4
CardanoReport,1795851747,7.78,Cardano Report,35,2022-07-31,0.0,49,cryptopunksclub nftcollectorgroup sbmkchat,False,1
rickysfundamentals,1433755244,7.77,Rickys fundamentals,3521,2022-05-12,2.6,25,bullishkidcommunity rickysfundamentalschat thelionsdenchat,False,3
ProAnalysisTrader,1142667341,7.77,Pro Analysis,22229,2022-07-30,0.0,6,stellarforcechat,False,3
CryptoartMuseum,1750848305,7.76,Cryptoart Museum,32,2022-07-31,0.0,55,cryptopunksclub nftcollectorgroup sbmkchat,False,1
prolooteress,1555053328,7.75,PRO LOOTERS,12499,2022-07-27,0.1,7,crypto2xlivegroup,False,3
BinanceLiquidations,1260161873,7.73,Binance Futures Liquidations,117318,2022-07-31,0.0,2,solice_io_chat,False,1
elisascharts,1499279202,7.7,Elisa's Charts,1589,2022-07-31,0.0,11,elisastachat,False,1
WanchainANN,1124408568,7.68,WanchainANN - Wanchain.org Announcements Channel,9311,2022-07-31,0.0,7,wanchainchat,False,4
WhaleSniper,1127580919,7.67,Whale Sniper,88408,2022-07-31,0.0,2,solice_io_chat,False,4
StablecoinNews,1703437243,7.66,Sablecoin News,20,2022-07-31,0.0,49,cryptopunksclub nftcollectorgroup sbmkchat,False,3
MultiVACMTV,1128223499,7.64,MultiVAC Channel,7425,2022-07-31,0.0,7,mtvcommunity xwalletgroup,False,2
TMGChannel,1470459355,7.64,TMG - News,3053,2022-07-29,0.1,9,themartinguyofficialgroup,False,4
hashbon_com,1238685520,7.63,Hashbon FiRe,7096,2022-07-19,0.4,7,hashbon_chat hashbon_chat_ru,False,2
tunezalpha,1132527234,7.6,tunez alpha,6387,2022-07-29,0.1,7,synapsepricetalk,False,4
fmfw_io_announcements,1237659106,7.57,FMFW.io Announcements,868,2022-07-29,0.1,11,horizencommunity relaychainchata,False,1
wallets_scan,1374910343,7.5,WalletsScan (World),1552,2022-07-30,0.0,9,xtrade_community,False,4
dlavrov_tch,1100207161,7.47,DLavrov Trading Ideas & Tips,14033,2022-07-31,0.0,4,dlavrov_chat dlavrovchat,False,1
cryptorealy,1184084359,7.45,DEFI Journal,19794,2022-07-13,0.6,3,givetimechat,False,1
PolitischeKryptokunst,1581960001,7.45,Politische Kryptokunst,7,2022-07-31,0.0,97,cryptopunksclub nftcollectorgroup sbmkchat,False,3
coinbeginner,1006313407,7.44,Coin Beginner (₿),18798,2022-07-27,0.1,3,gemmchat,False,1
wavesenterprise,1226690440,7.39,Waves Enterprise: news,2416,2022-07-08,0.8,7,lbank_en wavesenterprisegroup,False,4
TheBabylonians,1472868324,7.37,TheBabylonians,2150,2022-07-31,0.0,7,persistenceonechat thebabylonianscommunity,False,3
ProjectSeraphim,1436044426,7.33,Project Seraphim,4508,2022-07-30,0.0,5,xquakechat,False,3
OpacityNews,1410837069,7.33,Opacity - Announcements,1167,2022-07-25,0.2,8,overdose_gems_group,False,3
dropsearn,1245755088,7.23,Drops Earn News,7233,2022-07-29,0.1,3,zunamicommunitychat,False,1
boxminingChannel,1107082956,7.21,Boxmining Announcements,4111,2022-07-27,0.1,4,hackenclub,False,1
guardawallet,1129142587,7.21,Guarda Crypto Wallet,2650,2022-07-27,0.1,5,guarda_community kishuinucommunity,False,2
WallStreetSilver,1474665256,7.19,Wall Street Silver,9513,2022-07-31,0.0,2,wallstreetsilverchat,False,4
comfycrypto,1394339195,7.18,Comfy Crypto,90,2022-07-07,0.8,12,caratzchat,False,1
HEXnews,1285957865,7.11,HEXnews,16388,2022-07-30,0.0,43,,False,2
CryptoTrades,1453187298,7.08,Crypto Trades,14361,2022-07-31,0.0,25,,False,1
daoventuresofficial,1128851025,7.05,Securo Finance Announcement,12661,2022-06-29,1.1,10,gainschat,False,1
coinnewschannel,1262546472,7.05,CoinNews,3176,2022-06-16,1.5,13,coinnewsdiscussion,False,1
TheTradeLog,1337575016,7.05,TradeLog,3143,2022-07-18,0.4,3,tradelogdiscussion,False,4
requestnetwork,1134643239,6.97,Request,3430,2022-07-06,0.8,2,global_499block_community,False,3
stellarlistorg,1576552697,6.93,Stellarlist,2870,2022-07-05,0.9,2,stellarlistchat,False,3
ThriveNews,1233987754,6.93,THRIVE™ Crypto News,45,2022-07-31,0.0,11,glinkgroup,False,4
ltoinfo,1244979725,6.85,LTO Network Announcements,5016,2022-07-26,0.2,26,,False,2
metalpaysme,1127148043,6.84,Metal - MTL Announcements,1892,2022-07-30,0.0,2,metalpaycommunity,False,2
VinDAXExchangeNews,1426988588,6.83,VinDAX News,4502,2022-07-27,0.1,32,,False,4
salvanik,1306337435,6.78,Telegram promot,8,2022-07-29,0.1,13,satocoinchat,False,3
cryptomaymay,1294337112,6.76,/biz/ Crypto MayMay Shithole - Bogdanof Down! I repeat both Bogdanof down!,3236,2022-07-26,0.2,45,,False,1
tpmerchant,1366316894,6.69,FOREX COURSES,609,2022-07-20,0.4,3,realthcapitalfreesignalgroup,False,4
TronTradeNews,1321661799,6.69,TronTrade News,1479,2022-06-14,1.5,11,pandemicgames_en,False,4
globalbsn,1345811472,6.64,BSN,305,2022-07-08,0.8,4,neo_en,False,2
Rihannad,1324914749,6.56,Rihanna music Rihana,8193,2022-07-26,0.2,16,,False,3
cbinsider,1375055530,6.54,Coin Bureau Insider,193093,2022-07-31,0.0,9,,False,1
walletw,1472595250,6.48,Crypto Wallet & Crypto Card World 🔥💵🤖,35,2022-07-07,0.8,7,cryptoscamchat,False,4
cryptorobotics_en,1385224385,6.45,Cryptorobotics_EN,197,2022-07-29,0.1,3,excavo_chat,False,1
CryptoTree07,1143702879,6.43,Crypto Tree 💰,46179,2022-07-31,0.0,11,,False,1
HankRS225,1731211969,6.41,Hank汽車部落格,422,2022-07-31,0.0,1,hankcargroup,False,2
RichardsCalls,1196195622,6.38,Richard's Calls,14318,2022-07-30,0.0,13,,False,3
binance_announcements,1146915409,6.37,Binance Announcements,547792,2022-07-29,0.1,5,,False,1
avestagroupuz,1110176833,6.37,Avesta Investment Group - Uzbekistan,863,2022-07-30,0.0,19,,False,1
Binance_Telegram,1163131685,6.35,Binance News,19799,2022-07-08,0.8,12,,False,1
KaloianICO,1226525967,6.32,Bitcoin Earnings,108,2022-07-28,0.1,3,cointourgroup,False,2
BitMEXSniper,1339653782,6.24,BitMEX Sniper,18832,2022-07-31,0.0,11,,False,1
Pro_Crypto_Signals,1331548246,6.06,PRO CRYPTO SIGNALS™,5347,2022-07-20,0.4,12,,False,3
stafi_ann,1295614703,6.05,StaFi Protocol Announcements,1959,2022-07-29,0.1,14,,False,3
venture_tg,1340151382,5.93,Venture Capital,11663,2022-07-31,0.0,9,,False,4
eterbasenews,1455479898,5.88,ETERBASE NEWS,564,2022-06-06,1.8,5,gcryptochat,False,1
cryptocrosstrade,1119431057,5.88,CryptoZond | Криптоанализы без диагнозов,1416,2022-07-31,0.0,13,,False,1
Forex_Tradings,1161342217,5.86,Forex Tradings,32360,2022-07-31,0.0,6,,False,1
cryptobullet,1126647644,5.81,CryptoBullet,66223,2022-07-31,0.0,4,,False,1
thedailyape,1282692145,5.8,The Daily Panda,39155,2022-07-30,0.0,5,,False,3
pierre_crypt0_public,1304804324,5.71,Pierre_Crypt0 - TA,6664,2022-07-28,0.1,8,,False,3
WeChatEssence,1333303289,5.71,微信搬运工,10396,2022-07-31,0.0,7,,False,4
whalescryptovip,1274095237,5.71,Crypto Signals ©,266179,2022-07-30,0.0,0,,False,4
StreetTraderFx,1222201037,5.7,StreetTraderFx,2507,2022-07-31,0.0,10,,False,3
TechCryptoAnalyst,1349397698,5.68,Technical CRYPTO Analyst,147814,2022-07-31,0.0,1,,False,3
CryptoSpecialSignals1,1331635545,5.67,Crypto Special Signals™,8680,2022-07-31,0.0,7,,False,1
stellarchannel,1681036891,5.65,Stellar Family Channel,496,2022-06-18,1.4,3,xbetofficialchat,False,3
TNC_INSTANT_PAY,1400846142,5.61,TNC_INSTANT_PAY,423,2022-07-23,0.3,13,,False,4
cointelegraph,1072723547,5.6,Cointelegraph,161359,2022-07-31,0.0,0,,False,1
cryptoquant_alert,1246846205,5.58,CryptoQuant Alert,89616,2022-07-31,0.0,1,,False,1
World_News_Business_Crypto_Forex,1223584354,5.57,World News Business Crypto Forex,21591,2022-07-29,0.1,4,,False,4
Crypto_Tweets,1204573741,5.56,Crypto Tweets,53003,2022-07-31,0.0,2,,False,1
tradingview,1143474883,5.56,TradingView,51915,2022-07-28,0.1,2,,False,4
bitcoin,1193342710,5.48,Bitcoin,89248,2022-07-31,0.0,0,,False,1
cointrendz,1131371900,5.48,CoinTrendz.com,36483,2022-07-31,0.0,2,,False,1
CryptoEmpire_Signal,1151387276,5.47,Crypto Empire Signal™,86910,2022-07-31,0.0,0,,False,1
www_Bitcoin_com,1097988869,5.47,Bitcoin.com News,34673,2022-07-31,0.0,2,,False,4
cryptoquant_official,1343715577,5.46,CryptoQuant,52963,2022-07-29,0.1,1,,False,1
crypto_talks,1223878946,5.46,Crypto Networks 🚀,3266,2022-07-31,0.0,7,,False,1
xrpnewsuk,1356829585,5.46,XRPBOYS.COM XRP XLM AMC 🦍 SILVER GOLD CRYPTO 💰💰💰💷💵💶,8223,2022-07-31,0.0,5,,False,4
StellarMartEco,1386748647,5.45,StellarMart,4979,2022-07-31,0.0,6,,False,3
presearchnews,1258168906,5.44,Presearch News,11825,2022-07-29,0.1,4,,False,3
WhaleTracker,1314221782,5.43,🐳 𝐖𝐇𝐀𝐋𝐄𝐓𝐑𝐀𝐂𝐊𝐄𝐑 👀,29190,2022-02-18,5.4,2,cryptoprofitcoachchatbox,False,4
bctof,1322464623,5.33,Best Crypto Traders Official,11563,2022-07-29,0.1,3,,False,1
Ultra_ann,1229734089,5.33,Ultra Announcement,4487,2022-07-19,0.4,5,,False,4
CryptoCrunchy,1195964155,5.32,CryptoCrunchApp,17253,2022-07-31,0.0,2,,False,1
CryptoScanner100eyes,1157854653,5.32,100eyes Crypto Scanner (PREVIEW),27467,2022-07-31,0.0,1,,False,1
glassnode,1370726192,5.3,Glassnode,40190,2022-07-29,0.1,0,,False,2
investkaki,1495726175,5.3,SmallCapAsia,9953,2022-07-29,0.1,3,,False,2
OptionRoom,1395396476,5.3,OptionRoom,16095,2022-04-01,4.0,2,optionroomchatofficial,False,3
CryptoVigilanteNews,1424181219,5.27,CryptoVigilante News,1361,2022-07-27,0.1,7,,False,1
synergygolubyev,1329118245,5.27,Synergy_Golubev (Голубев),345,2022-07-18,0.4,10,,False,3
joescrypt,1267247632,5.26,JoesCrypt,8501,2022-07-21,0.3,3,,False,2
cryptoslatenews,1231782408,5.24,CryptoSlate News,7515,2022-07-31,0.0,3,,False,1
wealthcreator7,1124303210,5.22,Wealthcreator,27207,2022-07-31,0.0,0,,False,4
usdzarkings,1170897467,5.22,Usdzar kings group 👑,27192,2022-07-31,0.0,0,,False,4
altcoin,1005254228,5.21,Altcoins Channel,10346,2022-07-31,0.0,2,,False,1
real_factors,1166549222,5.21,Crypto | BTC | NFT,16646,2022-07-28,0.1,1,,False,3
easybitcoinspayout,1125166551,5.2,Easy Bitcoins Payouts Proof,25454,2022-07-31,0.0,0,,False,1
BrieflyCrypto,1402924472,5.2,Briefly Crypto,9983,2022-07-31,0.0,2,,False,1
bitcoinistnews,1077879781,5.18,Bitcoinist.com News,8973,2022-07-31,0.0,2,,False,1
WallStreetBetsReddit,1430657641,5.17,WallStreet Bets,22004,2022-07-31,0.0,0,,False,4
WhalePump,1285840493,5.16,WhalePump Reborn: Best Signals! (100% FREE),13288,2022-07-30,0.0,1,,False,4
dailyycryptonews,1251787106,5.15,DAILY CRYPTO NEWS 4 Signals,7772,2022-07-30,0.0,2,,False,1
CTMarkets,1176053025,5.11,Cointelegraph Markets,16444,2022-07-31,0.0,0,,False,1
cryptocurrency,1003016265,5.09,Cryptocurrencies Channel,9747,2022-07-31,0.0,1,,False,1
CryptonicFreeSignals,1152479653,5.09,Cryptonic™,9743,2022-07-26,0.2,1,,False,1
BinanceResearch,1303666961,5.08,Binance Research,14542,2022-07-28,0.1,0,,False,1
thedailyhodl,1219261372,5.08,The Daily Hodl,14359,2022-07-31,0.0,0,,False,3
therussianmarket,1434456306,5.01,Russian Market,6634,2022-07-31,0.0,1,,False,3
BitcoinSniper,1131948783,5.0,Bitcoin Sniper,6387,2022-07-31,0.0,1,,False,1
insideton,1355549746,4.99,InsideTON,5,2022-03-24,4.2,16,galaxyonline_news_en infotonchat infotonchaten,False,2
tradersHubFreechat,1330508015,4.98,Traders Hub free chat 📈,2281,2022-07-31,0.0,3,,False,4
bitcoinchannel,1002334729,4.96,Bitcoin channel,5314,2022-07-31,0.0,1,,False,1
fortuneinsight,1223459937,4.95,Fortune Insight,1987,2022-07-31,0.0,3,,False,1
deti_lilith,1125238343,4.95,Дети Лилит,5003,2022-07-31,0.0,1,,False,1
utoday_en,1173533628,4.95,U°Today,5016,2022-07-31,0.0,1,,False,4
iconinjasnews,1212919441,4.93,Corleone’s research news,183,2022-04-10,3.7,8,arpa_community,False,2
myetherwallet,1212737856,4.93,MEW | MyEtherWallet,7368,2022-07-28,0.1,0,,False,2
PoloniexAnnouncements,1435220157,4.93,Poloniex Announcements,2914,2022-07-31,0.0,2,,False,3
Paradigm_Fund,1225126001,4.91,Paradigm Daily,1650,2022-07-31,0.0,3,,False,3
ChartKitchen,1359533488,4.89,Chart Kitchen,2431,2022-07-30,0.0,2,,False,1
themdtchannel,1290956904,4.87,MDT Announcement Channel,546,2022-07-23,0.3,5,,False,3
deribit_notifications,1236114050,4.84,Deribit Notifications,1909,2022-07-27,0.1,2,,False,1
bullionstacking,1749556912,4.84,Bullion Stacking,4677,2022-07-22,0.3,0,,False,1
Tamil_Movies_hd,1410874200,4.83,Join @hollywood_series_movies_hd,4516,2022-03-10,4.7,76,,False,3
phoenixtradersx,1266087451,4.83,Phoenix Traders™,1815,2022-03-28,4.1,2,phoenixtraderschat,False,3
bfxannouncements,1279754341,4.82,Bitfinex Announcements,1101,2022-07-30,0.0,3,,False,1
catchain,1497424960,4.82,"CAT — TON Validator, Apps and Services",427,2022-07-30,0.0,5,,False,1
TradeLogIN,1202196785,4.79,TradeLog India,1538,2022-07-13,0.6,2,,False,4
canalexrp,1296078003,4.77,Ripple XRP | Breaking News,883,2022-07-31,0.0,3,,False,1
te_food,1130677348,4.77,TE-FOOD (TONE) Announcements,1410,2022-07-22,0.3,2,,False,3
GoldTradingPK,1391285381,4.76,PK GOLD TRADING,1334,2022-07-19,0.4,2,,False,2
betprotocol_announcements,1494531679,4.75,Bepro Network Announcements,3137,2022-07-28,0.1,0,,False,1
cryptonomist_english,1276415053,4.75,The Cryptonomist,1988,2022-07-31,0.0,1,,False,1
bitcoinmemes,1124828542,4.74,Bitcoin Memes,1943,2022-07-31,0.0,1,,False,1
cbondsglobal,1467029045,4.74,Cbonds Global,1887,2022-07-29,0.1,1,,False,1
khona_cele,1086508547,4.72,FOREX TRADERS ONLY!,1728,2022-07-31,0.0,1,,False,2
cryptoatlas_io,1161041774,4.7,CryptoAtlas: Community Announcements 🌐,2488,2022-07-29,0.1,0,,False,1
allpremiumleaks,1392723574,4.69,All Premium leaks,2409,2022-07-29,0.1,0,,False,1
cryptochan_pricevolumepulse,1142230244,4.61,Coins Volume Pulse - Coinalert.me,1647,2022-07-31,0.0,0,,False,1
historyyoutube,1193009051,4.58,История всего,1451,2022-07-31,0.0,0,,False,2
techcrunchcom,1375161109,4.57,TechCrunch,870,2022-07-31,0.0,1,,False,3
r_Bitcoin,1062141011,4.55,r/Bitcoin,506,2022-07-21,0.3,2,,False,3
AshWSB,1220639536,4.54,Ash WSB,120885,2021-12-23,7.2,28,bsclaunchgroup dao1globalchat fantomgochat linearexchangecommunity,False,1
ethereumdapps,1113040043,4.48,Ethereum DAPPS,896,2022-07-30,0.0,0,,False,1
Gumboleaks,1220512150,4.48,Gumbo Snipes,901,2022-07-31,0.0,0,,False,2
crypto_inferno,1101104367,4.43,Crypto Inferno,287,2022-07-31,0.0,2,,False,1
crypto_lions,1115904838,4.41,,6646,2020-05-04,26.9,28,canyacommunity crypto_chat gbxcommunity,True,1
actiontokenslive,1569951462,4.41,Action Tokens - News & Releases | Will Not DM You,164,2022-07-29,0.1,3,,False,1
BinanceWaves,1259400586,4.37,Binance Waves,54181,2021-12-20,7.3,27,tokenclubann,False,1
markets_signal,1066036307,4.37,Forex Swing Trade,554,2022-07-21,0.3,0,,False,2
INVESTIGATIONSINOPHTHALMOLOGY,1017834287,4.37,INVESTIGATIONS IN OPHTHALMOLOGY,13573,2022-06-28,1.1,3,,False,2
zettt_trading,1303575202,4.33,Zettt's Trading Journal,73,2022-07-22,0.3,4,,False,4
Kuroodo_D,1131292124,4.26,Kuroodo'D Art,327,2022-07-29,0.1,0,,False,2
rodaskarov,1274842415,4.25,Rod Askarov,314,2022-07-31,0.0,0,,False,3
rko120,1314355931,4.23,Fallen Soldier Shop | Stock Updates | https://rko12.com,2830,2022-06-19,1.4,5,,False,3
updatejago,1186086752,4.23,High Gold,286,2022-07-30,0.0,0,,False,4
shentonwaybets,1414609917,4.2,ShentonWayBets,159,2022-07-31,0.0,1,,False,3
cryptobuyit,1590710568,4.16,Crypto buys,82,2022-07-27,0.1,2,,False,1
bitcoinmagazinefeed,1460711360,4.13,Bitcoin Magazine Feed,182,2022-07-31,0.0,0,,False,1
CryptoDecentralized,1231094664,4.13,Crypto Newsfeed,73,2022-07-31,0.0,2,,False,1
Mpireforex_telegram,1416712208,4.1,MPIRE FOREX📊💸💰,15630,2022-06-10,1.7,0,,False,2
Quantfurians,1128032338,4.06,We Are Quantfurians,131,2022-07-26,0.2,0,,False,3
electroBOOM,1294773610,4.04,ElectroBOOM,121,2022-07-12,0.6,0,,False,1
WolfCryptoAnnounce,1353096619,4.0,Wolf Crypto News,10211,2021-12-12,7.6,136,apyfinancechat bscdottoolschat chromawayofficialgroup dadichat definity_community defire_community deltaexchat frontierdotxyz_chat genshardschat maskbook_group,False,4
botje11,1207755945,3.97,Botje11,8795,2022-06-21,1.3,0,,False,1
Cointelegraph_de_newsbot,1379500041,3.96,COINTELEGRAPH DE,84,2022-07-31,0.0,0,,False,1
cryptoland_en,1230323673,3.91,CryptoLand™,104082,2022-04-26,3.2,4,,False,1
powerledgerANN,1130986984,3.91,Powerledger Announcements,4135,2022-06-16,1.5,1,,False,3
Crypto_Pumps_Binancee,1397713387,3.89,Crypto Pumps Binance,96799,2022-04-28,3.1,4,,False,1
fullycrypto_official,1226525831,3.89,FullyCrypto,59,2022-07-29,0.1,0,,False,2
CoinomiWallet,1164251244,3.85,Coinomi | Official Announcements Channel,3190,2022-06-02,1.9,1,,False,1
diddycarterico,1384703514,3.82,,4411,2020-03-15,28.6,44,apexcommunity chromawayofficialgroup diddycarterchat diddycartericogroup etherisc_community origoofficialgroup,False,1
curvefiann,1466612722,3.79,Curve Finance | Announcements,2411,2022-06-23,1.2,1,,False,1
kryptoleaks,1337988011,3.79,,3760,2020-07-28,24.1,29,chromawayofficialgroup dbcryptochat saltlendingdiscussion,False,2
Goldaktien,1363703958,3.74,1000 Bagger Report,29,2022-07-30,0.0,0,,False,2
sure_means_sure,1453010214,3.74,✌️ SMS Trading Levels✌️,303703,2022-02-06,5.8,0,,False,3
buternbread,1272126314,3.68,Bread&Butter,2244,2022-06-14,1.5,0,,False,1
otcroom,1179801773,3.68,The OTC Room - Announcements,2295,2021-11-18,8.4,41,otcroomchat topcoinskoreagroup,False,3
reddit_wallstreetbets,1204723974,3.67,WSB,21,2022-07-31,0.0,0,,False,3
TRONannouncements,1130601949,3.62,The Intelligent Shitcoinestor,1766,2022-05-12,2.6,0,,False,4
Cryptofuturetrade_cryptocurrency,1386572118,3.57,CRYPTO ANGRY - BINANCE,858,2022-05-12,2.6,1,,False,1
paTopaTinyo,1360561984,3.56,🛸 paToz 👽,1292,2022-05-17,2.5,0,,False,3
cryptovigilante,1275363170,3.55,,1259,2021-06-03,13.9,37,chromawayofficialgroup parrotgroup,False,1
BetWagon,1599510728,3.54,YDC_ANALYSIS,1180,2022-05-30,2.0,0,,False,1
CryptoArnieANN,1382446037,3.52,CryptoArnie Announcements,1084,2020-09-08,22.7,28,cryptocaliburchat talaocommunity,False,1
traderanalysis,1132361878,3.48,Trader’s Analysis,5736,2022-03-29,4.1,6,,False,4
internetkz,1489214128,3.44,Ни единого разрыва!,765,2022-06-18,1.4,0,,False,2
basedbiztelegram,1182941312,3.42,Go to @bizcensorship - uncensored,680,2021-11-13,8.6,55,durovschat hausechat69 idlecyber_chat slothclubhouse,False,1
rialtaxibot1,1206459709,3.42,,705,2021-02-15,17.5,65,axens_chat belottogroup bpcgroup cybit_group littlephilchat mcoinnews_en mdtokens_community origoofficialgroup svandis_chatroom verasitychat,False,3
GRANDMASTERSIFUJI,1323777222,3.4,Binany paid signal,248,2022-06-03,1.9,2,,False,2
dfinity_announcements,1380484836,3.38,DFINITY Announcements,895,2020-02-25,29.2,14,dfinity_community,True,1
startups_tg,1422849342,3.35,The Unicorn | Startups & Business,7981,2022-02-23,5.2,4,,False,3
cobinhoodnews,1332954902,3.33,COBINHOOD News,447,2020-03-10,28.7,25,cobinhoodpricediscussion jtokencommunity,False,1
smarttradecoinofficial,1396137206,3.33,Account no more exists,46003,2022-02-26,5.1,0,,False,3
MacroCRG1,1409651882,3.32,MacroCRG,2805,2022-02-24,5.2,6,,False,2
mineschnerLtd,1441317122,3.24,Mineschner Ltd.,2,2022-07-12,0.6,0,,False,2
FoxesHourlies,1418372558,3.22,HourlyBots,270,2022-05-03,2.9,0,,False,1
stellarguard,1536166798,3.14,Stellar Guard,186,2022-06-16,1.5,0,,False,3
cryptotraderlibrary,1296362950,3.12,Crypto Trader Library,2803,2022-04-14,3.6,4,,False,1
BitcoinKarl,1253414641,3.11,Karl T's Bitcoin Channel,1627,2022-04-13,3.6,5,,False,1
videocoinannouncements,1286374220,3.1,Vivid Labs Announcements,406,2022-04-22,3.3,8,,False,4
spicytkn,1153991717,3.04,Spicy Token,119,2022-06-05,1.8,0,,False,3
minterdev_en,1151507167,3.0,Minter Dev Notifications,98,2022-06-17,1.4,0,,False,2
Insights1234,1389651504,2.95,,793,2019-05-09,38.8,15,chromawayofficialgroup jobdotcomcommunity origoofficialgroup,False,2
ultraearning123,1284029190,2.84,👑AIRDROP LOOTER™,2980,2022-04-14,3.6,1,,False,4
lazyforexsa,1436763823,2.79,LAZY FOREX SYTHETICS,945,2022-02-12,5.6,3,,False,2
wallstreetbetsannouncements,1264323353,2.79,[ANN] WallStreetBets 💎🙌🏻,15422,2022-01-20,6.3,7,br34p_chat,False,4
suppoinuofficial,1452318089,2.76,HARPALPUR TOKEN OFFICIAL,2098,2022-03-04,4.9,1,,False,3
cryp2gemann,1391627462,2.73,C2G Community Announcements,709,2021-12-09,7.7,13,bloxmovecommunity clover_en frontierdotxyz_chat spoolfichat swashapp_group,False,1
prizmrates,1159030276,2.7,Курсы Prizm на биржах (ежеминутные),2507,2022-02-18,5.4,0,,False,3
minter_alert,1335395091,2.65,Minter Whales,493,2021-10-28,9.1,13,cryptoassistanlightbot_chat__ onexbip_talk__,False,2
GenkoChamber,1410881393,2.61,Genko (CryptoChibi) - GC,267,2022-03-26,4.2,4,,False,2
OhHeyMattyAnnouncement,1138946879,2.55,OhHeyMatty Announcement Channel,194,2019-07-08,36.8,9,chromawayofficialgroup wanchainchat,True,3
Tradingfxchannel,1462696070,2.54,Trading FX,759,2022-03-07,4.8,1,,False,4
ICOReview,1146648649,2.51,,1046,2020-06-15,25.5,10,rcnchat,False,2
cointified,1122431657,2.41,Cointify | Blockchain & CryptoCurrency,1051,2020-03-04,28.9,9,cointifychat idexchat,False,1
LORDFOREXWORD,1156286381,2.4,ATRIO FX-WORLD WIDE,643,2022-02-03,5.9,0,,False,2
crypto_senpai,1484066643,2.39,Crypto Senpai™,591,2022-04-27,3.1,0,,False,1
datalightme,1391544837,2.38,,909,2021-04-20,15.4,9,datalightme_chat,False,1
AllUniSwapListings,1318636010,2.28,All Uniswap Listings,9027,2021-05-06,14.8,3,utrincommunity,False,1
origoofficial,1227678813,2.28,,1441,2020-09-21,22.3,7,origoofficialgroup origoofficialgroupjapan origoofficialgrouprussian,False,3
top100wallet,1361207400,2.28,Монитор топ100 BTC-адресов,226,2022-02-10,5.6,1,,False,4
absolutelysasha,1101897390,2.26,,1314,2019-07-18,36.5,7,wavescommunity wavescommunityru,False,1
bearmageddon,1368096171,2.25,Bearmageddon - 2021 Crash,790,2021-03-02,17.0,8,thewhiterosechat,False,1
TheKingsMarket,1419520931,2.23,,287,2022-02-04,5.8,0,,False,3
CoinAgg,1429586635,2.21,Crypto News Agg,265,2022-02-20,5.3,0,,False,1
MadRange,1238127849,2.19,· MadRange － 黑暗的,244,2022-04-30,3.0,0,,False,2
TroyTrade_Channel,1426549391,2.17,TROY Announcements,1401,2020-09-08,22.7,6,wanchainchat,False,4
coindesknew,1142179360,2.03,coin_news,4557,2021-08-26,11.2,2,minterscan_en,False,1
LebaneseLira,1054931666,1.97,LebaneseLira.org,3451,2021-07-16,12.5,2,lebaneselirachat,False,2
AllthingsTA,1312880061,1.91,,1656,2020-03-26,28.2,3,allthingstachat,False,1
RCNtalk,1082835978,1.84,RCN Whitepaper ENG.pdf,1214,2021-08-10,11.7,3,rcnchat,False,3
BCMPromotionsANN,1481319637,1.79,Promotion,964,2021-04-14,15.6,3,boomcryptomarketchat,False,1
tippytipss,1399667882,1.65,,313,2018-11-23,44.3,4,kryptotipschat,False,4
AccountStoreHub,1264918531,1.59,Bgmi players,382,2021-11-11,8.6,3,universalclub_official,False,1
CryptoOwnersUnite,1111343462,1.57,CryptoOwnersUnite™طالب العلم,1379,2020-12-21,19.3,29,,False,1
spaceport,1307072826,1.52,Space Port,111,2021-08-25,11.2,5,commaschat spaceportchat,False,3
Crypto_Binance_Trading,1448562668,1.5,Crypto Binance Trading | Signals & Pumps,1654080,2021-02-27,17.1,5,,False,1
razzleton,1052825535,1.5,,618,2017-03-19,64.5,1,razzleton_chat_ru,False,3
cryptoanalystco,1132524048,1.46,CryptoAnalyst.co,212,2019-02-05,41.8,3,tokenstars_en,False,1
kryptsu,1382553448,1.41,Kryptsu,658,2021-12-14,7.5,27,,False,2
thegoldminetrades,1285698228,1.37,Thegoldminetrades,352,2019-08-21,35.4,1,theloungeeee,False,3
bzntm_events,1144201862,1.25,BYZANTIUM | EVENTS,80,2019-12-31,31.0,3,unchainconventionchat,False,1
Paretoscam,1225076209,1.09,Pareto SCAM plebs🚨,58,2019-10-22,33.3,2,paretonetworkcommunity,False,3
chadnews,1255977623,0.96,$DEC Head CHAD NEWS,208,2021-11-01,8.9,18,,False,1
whalebotalerts,1145462707,0.68,WhaleBot Alerts 🐳,91626,2021-02-13,17.5,2,,False,4
TENETMovieHD1,1255387899,0.48,📺 HD PRINT MOVIES ️,58469,2021-12-08,7.7,1,,False,3
free_binany_signal,1466877498,0.46,Binany signal,51921,2021-03-09,16.7,1,,False,2
whale_alert_io,1309043988,0.44,Whale Alert,76973,2021-02-14,17.5,0,,False,4
Dollarvigilante1,1186582524,0.4,The dollar vigilante 🔘,2551,2021-03-10,16.7,7,,False,1
cointrad,1050166016,0.36,G.C.C.G.™,20471,2021-11-20,8.3,2,,False,1
CryptoT,1068031862,0.34,CryptoT,7439,2021-09-09,10.7,4,,False,1
chadsvcann,1389617946,0.22,Chads.VC Official Ann,2732,2021-05-05,14.9,5,,False,1
silverhair717,1211135864,0.22,,2721,2020-08-27,23.1,5,,False,3
cryptorhythmsofficial,1336270112,0.17,Cryptorhythms Official,216,2021-11-18,8.4,10,,False,1
serendipitytradeacdemyopengroup,1189446152,0.15,SERENDIPITY ACADEMY OPEN GROUP,4910,2021-04-18,15.4,3,,False,3
Crypto_Baba_official1,1150331097,0.09,Quick Profit Group,2441,2021-12-15,7.5,4,,False,1
uppsalafoundation,1076028572,0.08,Sentinel Protocol Announcement,898,2019-09-24,34.2,6,,False,4
StackedCrypto,1090865316,0.07,Stacked,8830,2021-12-16,7.5,1,,False,3
whale_alert,1322547083,0.04,Whale Alert,12239,2020-03-11,28.7,0,,False,4
crypto_eli5,1147474291,0.02,crypto eli5,1765,2020-11-04,20.9,4,,False,1
CryptoExchangeListing,1213007918,-0.01,Crypto Exchange Listing,5902,2020-12-29,19.0,1,,False,1
live_tradings,1385264045,-0.06,💵♛DREAMS ACHIEVERS♛💵,7513,2022-01-14,6.5,0,,False,2
PROCALLS,1232391246,-0.08,,4335,2022-01-15,6.5,1,,False,3
DollarVigilanteB,1354407889,-0.11,,598,2021-01-24,18.2,5,,False,1
ccncom,1349165602,-0.12,,5759,2019-02-28,41.1,0,,False,1
CryptoCoinsGuides,1402798878,-0.13,CryptoCoinsCoach Guides,5560,2021-11-29,8.0,0,,False,1
lumigroup,1139867850,-0.13,Lumi Wallet Group,339,2021-12-01,8.0,6,,False,2
LovelyFork,1001142211,-0.15,The Same Photo of a Fork Everyday,4996,2015-11-12,80.7,0,,False,2
botomex,1325859823,-0.17,WhaleFuck,1848,2021-04-15,15.5,2,,False,1
tonorg,1323158129,-0.17,TON,2844,2019-09-24,34.2,1,,False,4
ExpandAnnouncements,1333310645,-0.18,Expand Announcements,1098,2020-03-31,28.0,3,,False,1
PledgecampNews,1117422832,-0.18,,437,2021-04-12,15.6,5,,False,3
RamenswapAnnouncement,1367163708,-0.21,RamenSwap Announcement,972,2021-05-02,15.0,3,,False,3
iCrypto,1148885990,-0.22,iCrypto,1418,2021-07-30,12.0,2,,False,2
BitcoinExchangeGuide,1355023622,-0.25,BitcoinExchangeGuide.com,3170,2021-12-31,7.0,0,,False,1
forexfreeindicatorsforlife,1179937746,-0.25,MTWEALTH FOREX TRADING PTY)LTD,1966,2021-11-26,8.1,1,,False,1
sense_announcements,1106773519,-0.25,SENSE Official Announcements,309,2019-12-05,31.9,5,,False,3
globalcryptoinvestment,1372160682,-0.27,ICA Updates,70,2019-12-12,31.6,8,,False,2
corporate_finance,1149327989,-0.3,Mercury Finance,1604,2019-02-14,41.5,1,,False,1
CurrenciesknightFX,1416997531,-0.3,Currencies knight's FX,2544,2021-02-27,17.1,0,,False,1
marketslive2,1401134167,-0.3,,1014,2020-06-15,25.5,2,,False,2
thewsresearches,1124439666,-0.34,CS EM Economics Daily.pdf,2096,2018-12-31,43.0,0,,False,4
vugustfx,1183776058,-0.34,VUGUST FOREX ACADEMY,2120,2022-01-05,6.8,0,,False,4
whalelive,1493950470,-0.38,🐳Whale Live🐳,1717,2021-11-03,8.9,0,,False,4
XtraUpdates,1176249441,-0.38,,435,2021-02-12,17.6,3,,False,4
viewbase,1170044057,-0.39,,1670,2020-09-05,22.8,0,,False,4
ConfidentialCryptoUpdates,1364557921,-0.43,Confidential Crypto Updates,1348,2020-10-22,21.3,0,,False,1
cryptoland74,1415128182,-0.44,,1292,2020-10-02,21.9,0,,False,1
IoP_news,1259404310,-0.44,,133,2021-07-24,12.2,5,,False,2
ExclusiveRecords,1171427114,-0.48,,704,2021-01-09,18.7,1,,False,1
calvinandhobbes_c,1113331556,-0.5,Calvin & Hobbes | Comics,995,2018-11-05,44.9,0,,False,1
chimpmemes,1356607981,-0.52,IMG_6059.MOV,923,2020-10-03,21.9,0,,False,1
crypto_meme,1294779542,-0.52,#meme,575,2021-09-21,10.3,1,,False,1
RevelationANN,1333753686,-0.52,,908,2020-01-22,30.3,0,,False,3
twocommafastlane,1213300182,-0.52,,907,2020-12-25,19.2,0,,False,4
PolicyPal_ANN,1204663832,-0.54,,847,2020-10-15,21.5,0,,False,3
crushcryptoannouncement,1152078892,-0.55,Crush Crypto Announcement,502,2019-03-11,40.7,1,,False,1
cryptovestcom,1362283861,-0.55,,809,2020-03-24,28.3,0,,False,1
daily_links,1107304938,-0.56,,190,2019-11-13,32.6,3,,False,1
electrifyasia_announcements,1156055567,-0.58,Electrify.Asia (Announcements),706,2019-12-27,31.2,0,,False,1
sharereality,1340813281,-0.59,,421,2021-10-04,9.9,1,,False,3
PikciochainAnn,1204318692,-0.6,,247,2020-01-27,30.1,2,,False,3
InvestorKaki,1153807849,-0.62,"Forex/Stock Trading, Market News, Updates, Summary and Signals",564,2022-01-10,6.6,0,,False,2
paymonchannel,1334902949,-0.63,,85,2018-12-31,43.0,4,,False,3
CryptoNewsNowGAB,1180085170,-0.64,CRYPTO NEWS NOW,526,2022-01-22,6.2,0,,False,1
Premium4U,1369390268,-0.64,TRUSTED BETTING,328,2018-07-25,48.3,1,,False,3
SamSmithTruth,1312753931,-0.65,Sam Smith Truth,49,2020-01-22,30.3,0,,True,3
transferaapp,1229246248,-0.65,,511,2021-02-04,17.8,0,,False,4
WalletWatchAlerts,1327365029,-0.65,Wallet Watch Alerts,317,2019-08-10,35.7,1,,False,4
financialright,1475396076,-0.67,,454,2021-10-21,9.3,0,,False,1
internationalcryptoassociation,1372361429,-0.67,International Crypto Association,184,2019-12-12,31.6,2,,False,2
palmcrypto,1265278634,-0.67,,456,2019-11-21,32.3,0,,False,3
bitpie_news,1251312648,-0.69,,258,2020-07-08,24.8,1,,False,1
changellypro,1151511751,-0.71,Changelly PRO,242,2021-10-29,9.0,1,,False,1
cryptotafree,1411727943,-0.72,Tradingview Crypto Technical Analysis,233,2021-11-27,8.1,1,,False,1
ICOsDailyAnn,1275038696,-0.73,,139,2019-01-12,42.6,2,,False,2
technoxinfo,1364724544,-0.73,TechnoX/TechnoSwap Information Channel!,339,2021-10-22,9.3,0,,False,3
SuppoScam,1293248617,-0.74,,51,2021-02-14,17.5,4,,False,3
HavenProtocolKing,1338001402,-0.83,Haven Protocol King 👑,138,2021-06-28,13.1,1,,False,2
OtterWorld,1108839223,-0.83,,222,2019-05-30,38.1,0,,False,3
berichwithme_news,1076599891,-0.84,NEWS BERICHWITH.ME,206,2019-12-04,31.9,0,,False,1
ArtemCryptoClub,1174600552,-0.86,Artem Trading Club,191,2022-01-26,6.1,0,,False,1
cointifystory,1280633661,-0.87,,177,2020-07-27,24.1,0,,False,1
SpeedCashProof,1207252259,-0.87,Speed Cash Payment Proof,178,2021-12-20,7.3,0,,False,3
theblockcrypto,1344030284,-0.89,,167,2021-01-25,18.2,0,,False,3
WalCafe_2,1165306208,-0.9,,101,2020-06-23,25.3,1,,False,4
blackstoneresultsvip,1258535055,-0.91,Blackstone Vip Results,60,2019-01-23,42.3,2,,False,1
encryptotel,1078499773,-0.92,EncryptoTel_News,141,2021-12-31,7.0,0,,False,1
BinaryDistrict,1143947434,-0.93,,140,2019-12-02,32.0,0,,False,1
PANDA_FINANCE_ANNOUCEMENT,1409128260,-0.94,PANDA_FINANCE_ANNOUCEMENT,130,2021-08-24,11.2,0,,False,3
PayPalmone,1174156565,-0.95,Make_17_Per_Hour_Listening_to_Music_Make_Money_Onl.247.mkv,80,2021-01-04,18.8,1,,False,3
addischain,1448237294,-0.96,,117,2020-05-21,26.3,0,,False,1
samsmithmovement,1392782752,-0.96,,120,2020-07-01,25.0,0,,False,3
primalbase,1105038908,-0.96,,120,2019-10-17,33.5,0,,False,3
forklogmedia,1150336570,-1.02,,89,2020-07-27,24.1,0,,False,1
olympzone,1494505031,-1.04,Olymp zone,81,2020-08-14,23.6,0,,False,3
grbairdrop,1219677751,-1.05,Free Airdrops,31,2021-08-18,11.4,2,,False,2
bitstarz_news,1372867955,-1.06,,76,2020-06-04,25.9,0,,False,1
cryptowhalewilliee,1342362939,-1.06,WhaleGateConfidential,47,2018-07-02,49.0,1,,False,1
MAJORROSHFOREX,1364757235,-1.06,,29,2020-07-16,24.5,2,,False,2
DrGoldenpocket,1495340115,-1.07,,44,2020-01-06,30.8,1,,False,1
MagicEats,1129260515,-1.08,MagicEats,67,2021-01-23,18.2,0,,False,2
cryptofreeSi,1425918085,-1.09,,66,2021-06-29,13.1,0,,False,1
KhivaPresidentialSchoolEnglish,1277462229,-1.17,English language Olympiad by Khiva Presidential School,44,2020-06-04,25.9,0,,False,2
fofoofomarket,1342969483,-1.19,🔆 𝐅𝐨𝐅𝐨𝐨𝐅𝐨 𝐌𝐚𝐫𝐤𝐞𝐭 🛒,25,2021-01-11,18.6,1,,False,1
tcfoundation,1167238018,-1.19,TON Community Foundation,41,2020-03-30,28.1,0,,False,3
rhizomestream,1168446168,-1.19,,41,2021-06-16,13.5,0,,False,3
CoinNewsHome,1253919045,-1.22,CoinNews Home,35,2018-03-13,52.7,0,,False,1
CRT_GRATIS_2ND,1125828953,-1.22,,22,2018-04-28,51.2,1,,False,1
gram2223,1429538605,-1.22,IMG_0193.MP4,36,2021-07-17,12.5,0,,False,2
SamSmithLeaks,1265885692,-1.24,,32,2020-12-22,19.3,0,,False,3
forexsignalselite,1281328448,-1.25,📈VENOM FX TRIAL SIGNALS 📉,31,2019-11-20,32.4,0,,False,1
cchainbreakers,1158174408,-1.28,,16,2020-03-03,28.9,1,,False,1
VanomForex,1462526263,-1.28,|VANOM FOREX|,27,2019-10-31,33.0,0,,False,4
changethatmatters,1243769930,-1.31,Change That Matters,23,2020-11-01,21.0,0,,False,1
labormanaged,1320263101,-1.34,Самоконтроль,20,2021-01-30,18.0,0,,False,2
tceofficial,1376434138,-1.35,,19,2019-08-18,35.5,0,,False,3
legit_bitcoins,1487738557,-1.36,BITCOINS SELLERS🌍🇬🇭,18,2020-03-26,28.2,0,,False,2
forexarsonists,1443367253,-1.4,📊💰FOREX ARSONISTS💰 📊,15,2021-10-06,9.8,0,,False,1
TraderMattM,1417425804,-1.42,,8,2021-06-14,13.6,1,,False,4
TheICOInvestigator,1262837306,-1.44,ICO Investigation,12,2018-07-10,48.8,0,,False,3
EMPIRE_FOREX_TRADERS,1226009445,-1.5,,9,2021-01-19,18.4,0,,False,1
CatariumDonate,1325069578,-1.5,Catarium Donate,9,2021-04-29,15.1,0,,False,1
abitcoinqueen,1127400812,-1.5,,9,2021-06-14,13.6,0,,False,1
projectdefi2021,1395008450,-1.58,,6,2021-02-16,17.4,0,,False,3
