date,time_utc,script
2026-09-30,17:49:54,audit_channels
2026-09-30,17:52:34,audit_channels
2026-09-30,17:53:52,audit_channels
2026-09-30,17:54:19,audit_channels
2026-09-30,17:55:00,audit_channels
2026-09-30,17:56:32,audit_channels
2026-09-30,17:58:44,audit_channels
2026-09-30,18:02:27,audit_channels
2026-09-30,18:02:54,audit_channels
2026-09-30,18:03:21,audit_channels
2026-09-30,18:03:49,audit_channels
2026-09-30,18:04:16,audit_channels
2026-09-30,18:09:21,audit_channels
2026-09-30,18:09:48,audit_channels
2026-09-30,18:10:30,audit_channels
2026-09-30,18:11:07,audit_channels
2026-09-30,18:11:45,audit_channels
2026-09-30,18:13:14,audit_channels
2026-09-30,18:13:57,audit_channels
2026-09-30,18:19:00,audit_channels
2026-09-30,18:19:27,audit_channels
2026-09-30,18:19:54,audit_channels
2026-09-30,18:21:07,audit_channels
2026-09-30,18:21:34,audit_channels
2026-09-30,18:22:00,audit_channels
2026-09-30,18:22:27,audit_channels
2026-09-30,18:22:54,audit_channels
2026-09-30,18:23:22,audit_channels
2026-09-30,18:23:49,audit_channels
2026-09-30,18:24:23,audit_channels
2026-09-30,18:28:13,audit_channels
2026-09-30,18:29:05,audit_channels
2026-09-30,18:29:54,audit_channels
2026-09-30,18:30:22,audit_channels
2026-09-30,18:30:48,audit_channels
2026-09-30,18:31:24,audit_channels
2026-09-30,18:31:53,audit_channels
2026-09-30,18:32:25,audit_channels
2026-09-30,18:33:43,audit_channels
2026-09-30,18:34:35,audit_channels
2026-09-30,18:35:25,audit_channels
2026-09-30,18:35:55,audit_channels
2026-09-30,18:36:41,audit_channels
2026-09-30,18:37:08,audit_channels
2026-09-30,18:37:39,audit_channels
2026-09-30,18:38:09,audit_channels
2026-09-30,18:38:39,audit_channels
2026-09-30,18:39:08,audit_channels
2026-09-30,18:39:49,audit_channels
2026-09-30,18:40:25,audit_channels
2026-09-30,18:40:47,audit_channels
2026-09-30,18:41:15,audit_channels
2026-09-30,18:41:44,audit_channels
2026-09-30,18:42:06,audit_channels
2026-09-30,18:43:11,audit_channels
2026-09-30,18:43:39,audit_channels
2026-09-30,18:44:36,audit_channels
2026-09-30,18:45:11,audit_channels
2026-09-30,18:46:04,audit_channels
2026-09-30,18:46:32,audit_channels
2026-09-30,18:47:23,audit_channels
2026-09-30,18:47:45,audit_channels
2026-09-30,18:48:29,audit_channels
2026-09-30,18:50:05,audit_channels
2026-09-30,18:50:48,audit_channels
2026-09-30,18:51:18,audit_channels
2026-09-30,18:51:56,audit_channels
2026-09-30,18:52:26,audit_channels
2026-09-30,18:55:02,audit_channels
2026-09-30,18:56:06,audit_channels
2026-09-30,18:56:55,audit_channels
2026-09-30,18:57:44,audit_channels
2026-09-30,18:58:13,audit_channels
2026-09-30,18:58:42,audit_channels
2026-09-30,18:59:12,audit_channels
2026-09-30,18:59:45,audit_channels
2026-09-30,19:00:14,audit_channels
2026-09-30,19:00:44,audit_channels
2026-09-30,19:01:13,audit_channels
2026-09-30,19:05:09,audit_channels
2026-09-30,19:06:07,audit_channels
2026-09-30,19:06:54,audit_channels
2026-09-30,19:07:21,audit_channels
2026-09-30,19:07:48,audit_channels
2026-09-30,19:08:15,audit_channels
2026-09-30,19:08:42,audit_channels
2026-09-30,19:10:20,audit_channels
2026-09-30,19:10:47,audit_channels
2026-09-30,19:11:20,audit_channels
2026-09-30,19:11:56,audit_channels
2026-09-30,19:12:32,audit_channels
2026-09-30,19:14:36,audit_channels
2026-10-05,16:48:51,audit_channels
2026-10-05,16:49:18,audit_channels
2026-10-05,16:49:49,audit_channels
2026-10-05,16:50:28,audit_channels
2026-10-05,16:51:06,audit_channels
2026-10-05,16:51:33,audit_channels
2026-10-05,16:52:07,audit_channels
2026-10-05,16:52:37,audit_channels
2026-10-05,16:57:35,audit_channels
2026-10-05,16:58:02,audit_channels
2026-10-05,16:58:29,audit_channels
2026-10-05,16:59:02,audit_channels
2026-10-05,17:00:07,audit_channels
2026-10-05,17:01:03,audit_channels
2026-10-05,17:03:23,audit_channels
2026-10-05,17:03:50,audit_channels
2026-10-05,17:04:35,audit_channels
2026-10-05,17:05:31,audit_channels
2026-10-05,17:09:04,audit_channels
2026-10-05,17:10:33,audit_channels
2026-10-05,17:11:00,audit_channels
2026-10-05,17:11:32,audit_channels
2026-10-05,17:15:32,audit_channels
2026-10-05,17:16:01,audit_channels
2026-10-05,17:17:47,audit_channels
2026-10-05,17:18:14,audit_channels
2026-10-05,17:18:41,audit_channels
2026-10-05,17:19:55,audit_channels
2026-10-05,17:20:22,audit_channels
2026-10-05,17:21:47,audit_channels
2026-10-05,17:22:14,audit_channels
2026-10-05,17:22:29,audit_channels
2026-10-05,17:22:56,audit_channels
2026-10-05,17:23:23,audit_channels
2026-10-05,17:23:50,audit_channels
2026-10-05,17:24:17,audit_channels
2026-10-05,17:24:43,audit_channels
2026-10-05,17:25:10,audit_channels
2026-10-05,17:25:37,audit_channels
2026-10-05,17:26:05,audit_channels
2026-10-05,17:26:33,audit_channels
2026-10-05,17:26:59,audit_channels
2026-10-05,17:27:27,audit_channels
2026-10-05,17:27:54,audit_channels
2026-10-05,17:28:08,audit_channels
2026-10-05,17:28:35,audit_channels
2026-10-05,17:29:02,audit_channels
2026-10-05,17:29:29,audit_channels
2026-10-05,17:29:56,audit_channels
2026-10-05,17:30:23,audit_channels
2026-10-05,17:30:50,audit_channels
2026-10-05,17:31:17,audit_channels
2026-10-05,17:31:44,audit_channels
2026-10-05,17:32:12,audit_channels
2026-10-05,17:32:38,audit_channels
2026-10-05,17:33:05,audit_channels
2026-10-05,17:33:32,audit_channels
2026-10-05,17:33:59,audit_channels
2026-10-05,17:34:26,audit_channels
2026-10-05,17:34:53,audit_channels
2026-10-05,17:35:20,audit_channels
2026-10-05,17:35:47,audit_channels
2026-10-05,17:36:15,audit_channels
2026-10-05,17:36:42,audit_channels
2026-10-05,17:37:09,audit_channels
2026-10-05,17:37:36,audit_channels
2026-10-05,17:38:03,audit_channels
2026-10-05,17:38:30,audit_channels
2026-10-05,17:38:57,audit_channels
2026-10-05,17:39:25,audit_channels
2026-10-05,17:39:53,audit_channels
2026-10-05,17:40:07,audit_channels
2026-10-05,17:41:02,audit_channels
2026-10-05,17:41:29,audit_channels
2026-10-05,17:41:56,audit_channels
2026-10-05,17:42:29,audit_channels
2026-10-05,17:43:33,audit_channels
2026-10-05,17:44:08,audit_channels
2026-10-05,17:45:04,audit_channels
2026-10-05,17:46:35,audit_channels
2026-10-05,17:47:08,audit_channels
2026-10-05,17:47:35,audit_channels
2026-10-05,17:48:04,audit_channels
2026-10-05,17:48:37,audit_channels
2026-10-05,17:49:04,audit_channels
2026-10-05,17:50:31,audit_channels
2026-10-05,17:51:22,audit_channels
2026-10-05,17:52:15,audit_channels
2026-10-05,17:54:23,audit_channels
2026-10-05,17:54:50,audit_channels
2026-10-05,17:55:25,audit_channels
2026-10-05,17:56:46,audit_channels
2026-10-05,17:57:33,audit_channels
2026-10-05,17:58:08,audit_channels
2026-10-05,17:59:40,audit_channels
2026-10-05,18:00:07,audit_channels
2026-10-05,18:01:04,audit_channels
2026-10-05,18:02:52,audit_channels
2026-10-05,18:03:44,audit_channels
2026-10-05,18:04:29,audit_channels
2026-10-06,08:52:51,audit_channels
2026-10-06,08:54:12,audit_channels
2026-10-06,08:55:19,audit_channels
2026-10-06,08:55:47,audit_channels
2026-10-06,08:56:15,audit_channels
2026-10-06,08:56:43,audit_channels
2026-10-06,08:57:11,audit_channels
2026-10-06,08:57:39,audit_channels
2026-10-06,08:58:07,audit_channels
2026-10-06,08:58:40,audit_channels
2026-10-06,09:03:22,audit_channels
2026-10-06,09:03:53,audit_channels
2026-10-06,09:04:37,audit_channels
2026-10-06,09:05:42,audit_channels
2026-10-06,09:06:17,audit_channels
2026-10-06,09:07:11,audit_channels
2026-10-06,09:07:39,audit_channels
2026-10-06,09:08:13,audit_channels
2026-10-06,09:08:44,audit_channels
2026-10-06,09:09:29,audit_channels
2026-10-06,09:10:25,audit_channels
2026-10-06,09:12:36,audit_channels
2026-10-06,09:13:04,audit_channels
2026-10-06,09:13:31,audit_channels
2026-10-06,09:14:15,audit_channels
2026-10-06,09:14:57,audit_channels
2026-10-06,09:15:35,audit_channels
2026-10-06,09:16:03,audit_channels
2026-10-06,09:16:39,audit_channels
2026-10-06,09:22:04,audit_channels
2026-10-07,07:16:27,audit_channels
2026-10-07,07:16:56,audit_channels
2026-10-07,07:17:36,audit_channels
2026-10-07,07:18:08,audit_channels
2026-10-07,07:19:09,audit_channels
2026-10-07,07:19:36,audit_channels
2026-10-07,07:20:18,audit_channels
2026-10-07,07:20:50,audit_channels
2026-10-07,07:21:28,audit_channels
2026-10-07,07:22:26,audit_channels
2026-10-07,07:23:25,audit_channels
2026-10-07,07:23:52,audit_channels
2026-10-07,07:27:32,audit_channels
2026-10-07,07:28:50,audit_channels
2026-10-07,07:30:47,audit_channels
2026-10-07,07:31:08,audit_channels
2026-10-07,07:31:22,audit_channels
2026-10-07,07:31:50,audit_channels
2026-10-07,07:32:16,audit_channels
2026-10-07,07:32:43,audit_channels
2026-10-07,07:33:10,audit_channels
2026-10-07,07:33:37,audit_channels
2026-10-07,07:34:04,audit_channels
2026-10-07,07:34:31,audit_channels
2026-10-07,07:34:58,audit_channels
2026-10-07,07:35:25,audit_channels
2026-10-07,07:35:52,audit_channels
2026-10-07,07:36:19,audit_channels
2026-10-07,07:36:46,audit_channels
2026-10-07,07:37:13,audit_channels
2026-10-07,07:37:40,audit_channels
2026-10-07,07:38:07,audit_channels
2026-10-07,07:38:34,audit_channels
2026-10-07,07:39:01,audit_channels
2026-10-07,07:39:27,audit_channels
2026-10-07,07:39:55,audit_channels
2026-10-07,07:40:22,audit_channels
2026-10-07,07:40:42,audit_channels
2026-10-07,07:41:09,audit_channels
2026-10-07,07:41:36,audit_channels
2026-10-07,07:42:03,audit_channels
2026-10-07,07:42:17,audit_channels
2026-10-07,07:42:44,audit_channels
2026-10-07,07:43:11,audit_channels
2026-10-07,07:43:38,audit_channels
2026-10-07,07:44:19,audit_channels
2026-10-07,07:44:58,audit_channels
2026-10-07,07:45:30,audit_channels
2026-10-07,07:45:57,audit_channels
2026-10-07,07:46:24,audit_channels
2026-10-07,07:46:51,audit_channels
2026-10-07,07:47:18,audit_channels
2026-10-07,08:04:12,audit_channels
2026-10-07,08:04:42,audit_channels
2026-10-07,08:05:13,audit_channels
2026-10-07,08:05:48,audit_channels
2026-10-07,08:06:18,audit_channels
2026-10-07,08:07:10,audit_channels
2026-10-07,08:07:39,audit_channels
2026-10-07,08:08:15,audit_channels
2026-10-07,08:11:39,audit_channels
2026-10-07,08:14:04,audit_channels
2026-10-07,08:14:24,audit_channels
2026-10-07,08:14:39,audit_channels
2026-10-07,08:14:54,audit_channels
2026-10-07,08:15:08,audit_channels
2026-10-07,08:15:35,audit_channels
2026-10-07,08:15:49,audit_channels
2026-10-07,08:16:04,audit_channels
2026-10-07,08:16:18,audit_channels
2026-10-07,08:17:06,audit_channels
2026-10-07,08:17:27,audit_channels
2026-10-07,08:17:42,audit_channels
2026-10-07,08:17:56,audit_channels
2026-10-07,08:18:17,audit_channels
2026-10-07,08:18:31,audit_channels
2026-10-07,08:18:46,audit_channels
2026-10-07,08:19:01,audit_channels
2026-10-07,08:19:15,audit_channels
2026-10-07,08:19:30,audit_channels
2026-10-07,08:20:04,audit_channels
2026-10-07,08:20:32,audit_channels
2026-10-07,08:21:07,audit_channels
2026-10-07,08:21:22,audit_channels
2026-10-07,08:21:36,audit_channels
2026-10-07,08:21:51,audit_channels
2026-10-07,08:22:18,audit_channels
2026-10-07,08:22:47,audit_channels
2026-10-07,08:23:48,audit_channels
2026-10-07,08:24:24,audit_channels
2026-10-07,08:25:35,audit_channels
2026-10-07,08:26:02,audit_channels
2026-10-07,08:26:29,audit_channels
2026-10-07,08:26:56,audit_channels
2026-10-07,08:27:42,audit_channels
2026-10-07,08:28:21,audit_channels
2026-10-07,08:29:34,audit_channels
2026-10-07,08:30:01,audit_channels
2026-10-07,08:30:28,audit_channels
2026-10-07,08:30:55,audit_channels
2026-10-08,11:24:06,audit_channels
2026-10-08,11:24:27,audit_channels
2026-10-08,11:24:41,audit_channels
2026-10-08,11:24:56,audit_channels
2026-10-08,11:25:10,audit_channels
2026-10-08,11:25:39,audit_channels
2026-10-08,11:26:06,audit_channels
2026-10-08,11:26:33,audit_channels
2026-10-08,11:27:00,audit_channels
2026-10-08,11:27:27,audit_channels
2026-10-08,11:27:53,audit_channels
2026-10-08,11:28:20,audit_channels
2026-10-08,11:28:47,audit_channels
2026-10-08,11:29:02,audit_channels
2026-10-08,11:29:17,audit_channels
2026-10-08,11:29:32,audit_channels
2026-10-08,11:29:46,audit_channels
2026-10-08,11:30:01,audit_channels
2026-10-08,11:30:22,audit_channels
2026-10-08,11:30:49,audit_channels
2026-10-08,11:31:15,audit_channels
2026-10-08,11:31:42,audit_channels
2026-10-08,11:32:09,audit_channels
2026-10-08,11:32:36,audit_channels
2026-10-08,11:32:51,audit_channels
2026-10-08,11:33:18,audit_channels
2026-10-08,11:33:45,audit_channels
2026-10-08,11:33:59,audit_channels
2026-10-08,11:34:29,audit_channels
2026-10-08,11:35:03,audit_channels
2026-10-08,11:36:09,audit_channels
2026-10-08,11:36:52,audit_channels
2026-10-08,11:37:25,audit_channels
2026-10-08,11:37:53,audit_channels
2026-10-08,11:38:43,audit_channels
2026-10-08,11:39:50,audit_channels
2026-10-08,11:40:29,audit_channels
2026-10-08,11:41:14,audit_channels
2026-10-08,11:41:49,audit_channels
2026-10-08,11:42:35,audit_channels
2026-10-08,11:43:08,audit_channels
2026-10-08,11:43:36,audit_channels
2026-10-08,11:44:03,audit_channels
2026-10-08,11:44:53,audit_channels
2026-10-08,11:45:16,audit_channels
2026-10-08,11:46:17,audit_channels
2026-10-08,11:47:03,audit_channels
2026-10-08,11:47:49,audit_channels
2026-10-08,11:48:31,audit_channels
2026-10-08,11:49:37,audit_channels
2026-10-08,11:52:06,audit_channels
2026-10-08,11:52:39,audit_channels
2026-10-08,11:54:35,audit_channels
2026-10-08,11:55:11,audit_channels
2026-10-08,11:56:02,audit_channels
2026-10-08,11:56:35,audit_channels
2026-10-08,11:57:17,audit_channels
2026-10-08,11:57:52,audit_channels
2026-10-08,11:59:30,audit_channels
2026-10-08,12:01:04,audit_channels
2026-10-08,12:03:16,audit_channels
2026-10-08,12:03:49,audit_channels
2026-10-08,12:05:56,audit_channels
2026-10-08,12:06:54,audit_channels
2026-10-08,12:07:33,audit_channels
2026-10-08,12:08:00,audit_channels
2026-10-08,12:09:21,audit_channels
2026-10-08,12:09:59,audit_channels
2026-10-08,12:11:11,audit_channels
2026-10-08,12:12:45,audit_channels
2026-10-08,12:13:31,audit_channels
2026-10-08,12:14:11,audit_channels
2026-10-08,12:15:16,audit_channels
2026-10-08,12:15:50,audit_channels
2026-10-08,12:17:28,audit_channels
2026-10-08,12:18:32,audit_channels
2026-10-08,12:19:44,audit_channels
2026-10-08,12:20:17,audit_channels
2026-10-08,12:20:38,audit_channels
2026-10-08,12:21:23,audit_channels
2026-10-08,12:22:01,audit_channels
2026-10-08,12:22:30,audit_channels
2026-10-08,12:23:10,audit_channels
2026-10-08,12:23:43,audit_channels
2026-10-08,12:24:10,audit_channels
2026-10-08,12:24:37,audit_channels
2026-10-08,12:26:23,audit_channels
2026-10-08,12:28:55,audit_channels
2026-10-08,12:29:28,audit_channels
2026-10-08,12:29:56,audit_channels
2026-10-08,12:30:39,audit_channels
2026-10-08,12:31:13,audit_channels
2026-10-08,12:32:29,audit_channels
2026-10-08,12:33:02,audit_channels
2026-10-08,12:33:29,audit_channels
2026-10-08,12:35:35,audit_channels
2026-10-08,12:36:17,audit_channels
2026-10-08,12:36:54,audit_channels
2026-10-08,12:37:22,audit_channels
2026-10-08,12:38:02,audit_channels
