channel,channel_id,source,status,verdict,title,subscribers,last_post,posts_30d,scam,fake,verified,linked_group,linked_group_public,linked_free_msgs_7d,linked_free_users_7d,public_groups_active,public_groups_inactive,n_candidates,n_checked,n_private_invites,description,checked_at,error
economemtrics,,tgdataset,not_found,dead,,,,,,,,,,,,,,,,,,2026-09-29T13:04:50+00:00,
MoneroEconomicForum,1196988334,tgdataset,alive,inactive,Monero Economic Forum,1747,2026-08-22,0,False,False,False,,,,,,,,,,Monero: The Greater Reset  moneroeconomicforum@protonmail.com,2026-09-29T13:04:56+00:00,
MoneroOrangePills,1355176989,tgdataset,alive,inactive,Monero Orange Pills 🟠,1280,2021-12-24,0,False,False,False,,,,,,,,,,Monero is King 👑   88xWAazQqXn9FAtDc1QZCkLdXdXnYHkTf7uFoWNhUtiRNLh6pJmGPc15nHNFMR3mhEcBJvWKy3L4PZaN2tjPfrpAEMraCJs,2026-09-29T13:05:15+00:00,
moneyhesitfreesignals,1402529553,tgdataset,alive,inactive,MONEY HEIST FREE SIGNALS,168,2022-05-16,0,False,False,False,,,,,,,,,,"IN GOD WE TRUST👑 📊 Forex Made us💯 Gold,Nas and Indecies Signals",2026-09-29T13:05:34+00:00,
OccupyWallStreet2,,tgdataset,not_found,dead,,,,,,,,,,,,,,,,,,2026-09-29T13:05:52+00:00,
voluntarily_e,1545641939,tgdataset,alive,inactive,Voluntarily,28,2024-12-13,0,False,False,False,,,,,,,,,,About how you can work voluntarily and still exist through donations.,2026-09-29T13:05:58+00:00,
vseobiabloke,,tgdataset,not_found,dead,,,,,,,,,,,,,,,,,,2026-09-29T13:06:17+00:00,
OfficialCryptoMoonShot,1073249327,tgdataset,alive,inactive,CryptoMoonShots,909,2021-11-25,0,True,False,False,,,,,,,,,,"⚠️ Warning: Many users reported this account as a scam or a fake account. Please be careful, especially if it asks you for money.",2026-09-29T13:06:23+00:00,
officialkybernetwork,1087921278,tgdataset,alive,public_group_active,Kyber Network Announcement Channel,2412,2026-09-28,21,False,False,False,kybernetwork,True,21,9,kybernetwork KyberNetwork fraxfinance,,6,6,0,"🔔NOTE: Official announcements & discussions now on Discord —> https://discord.gg/kyberswap  KyberSwap is the best DEX aggregator and liquidity platform. Best rates for traders, best returns for LPs!  *Admins have the 'admin' tag * Website: kyberswap.com",2026-09-29T13:06:49+00:00,
egordeev,,tgdataset,user_or_bot,dead,,,,,,,,,,,,,,,,,,2026-09-29T13:08:34+00:00,
fantomfoundation,2172509265,tgdataset,alive,inactive,Sonic Announcements (prev. Fantom),204,2024-08-01,0,False,False,False,,,,,,,,,,,2026-09-29T13:09:10+00:00,username now belongs to a different channel
moon_shot_calls,2403317619,tgdataset,alive,inactive,Moonshot Calls,147,2024-10-16,0,False,False,False,,,,,,,,,,Ads @moonshotad  Chasing moonshots like it's a full-time job. 🚀 ETH SOL ARB TON – Gamble wisely. Not financial advice.,2026-09-29T13:09:31+00:00,username now belongs to a different channel
SeeleAnn,,tgdataset,not_found,dead,,,,,,,,,,,,,,,,,,2026-09-29T13:09:51+00:00,
BlockchainAds,,tgdataset,not_found,dead,,,,,,,,,,,,,,,,,,2026-09-29T13:26:42+00:00,
BlockchainNewsETC,1074631095,tgdataset,alive,inactive,Ethereum Classic & Blockchain news,62,2022-10-09,0,False,False,False,,,,,,,,,,Новости об Эфириум Классик и блокчейн индустрии. Наш чат: @etcru,2026-09-29T13:26:48+00:00,
blockchainwhispersbaby,1394848551,tgdataset,alive,no_group,D Man,98854,2026-09-22,15,False,False,False,,,,,,,0,0,0,"Brotherhood, loyalty and honesty... sharing lessons life taught me with you.   Not financial advice. No support. For educational purposes only.",2026-09-29T13:27:14+00:00,
blockchainwhispers_B,1403721547,tgdataset,alive,inactive,Blockchain Whispers ® Official (By D Man) -- The Most Amazing Crypto Channel Ever Created By Mankind!,11263,2024-09-26,0,False,False,False,,,,,,,,,,Famously precise Bitcoin predictions. An occassional coin-multiplying altcoin trade signal. Share the join link: https://t.me/blockchainwhispers_B  Support @cryptoalfred  All trading comes with a risk. There is no such thing as a sure trade. Trade smart.,2026-09-29T13:27:51+00:00,
Blockchain_Crypto_Bitcoin,1473282601,tgdataset,alive,inactive,.,8369,2020-10-21,0,False,False,False,,,,,,,,,,,2026-09-29T13:28:10+00:00,
blockchain_lobsters,1770275663,tgdataset,alive,inactive,Crab Notes [OLD],130,2022-06-05,0,False,False,False,,,,,,,,,,,2026-09-29T13:28:28+00:00,username now belongs to a different channel
BlockchairNews,1412273220,tgdataset,alive,no_group,Blockchair News,3203,2026-09-29,200,False,False,False,,,,,,,0,0,0,Latest crypto news! Web: https://blockchair.com/news,2026-09-29T13:28:46+00:00,
Blockshow,1119843252,tgdataset,alive,inactive,BlockShow by Cointelegraph 🌐,226,2024-03-28,0,False,False,False,,,,,,,,,,Driving the Industry. Since 2016. Discover ⬇️ blockshow.cointelegraph.com/,2026-09-29T13:29:17+00:00,
blocktroll,1296962512,tgdataset,alive,comments_only,₿ootleg Ⓐnalysis,330,2026-09-25,10,False,False,False,DoctorBitcoin,True,1,1,,,9,9,0,"Gonzoblogging decentralization, crypto-anarchy, and synthetic intelligence.",2026-09-29T13:29:43+00:00,
bloombergquint,2135661024,tgdataset,alive,inactive,bloombergquint,11,2024-06-28,0,False,False,False,,,,,,,,,,,2026-09-29T13:31:42+00:00,username now belongs to a different channel
bnewscrawler,1377674424,tgdataset,alive,inactive,"BNews - Notícias, política, ações, bovespa, economia, bitcoin de forma automatizada",37,2023-03-14,0,False,False,False,,,,,,,,,,Twitter: https://twitter.com/bnews_live / O primeiro canal e portal de noticias automatizadas do país. Notícias em tempo real do mundo inteiro!!https://live.brunodasilva.com,2026-09-29T13:32:01+00:00,
BoboLabs,,tgdataset,not_found,dead,,,,,,,,,,,,,,,,,,2026-09-29T13:32:26+00:00,
bigblueocean,4255146171,tgdataset,alive,no_group,bigblueocean,8,2026-09-10,1,False,False,False,,,,,,,0,0,0,,2026-09-29T13:32:32+00:00,username now belongs to a different channel
bilaxy_announcements,1205113444,tgdataset,alive,inactive,Bilaxy Official Announcement Channel,1271,2026-06-09,0,False,False,False,,,,,,,,,,,2026-09-29T13:32:56+00:00,
BinanceAcademy,1236088975,tgdataset,alive,inactive,Binance Academy,12452,2022-09-07,0,False,False,False,,,,,,,,,,Stay up to date with the latest releases on Binance Academy.  academy.binance.com,2026-09-29T13:33:21+00:00,
BinanceInside,1382844572,tgdataset,alive,inactive,Binance Inside Info,862,2024-12-01,0,False,False,False,,,,,,,,,,Join us and grow your BTC wallet,2026-09-29T13:33:46+00:00,
AirdropDetective,1390962936,search,alive,public_group_active,Airdrop Detective,1057432,2026-09-29,11,False,False,True,,,,,zycot_support_group cancore_chat bitcoinbase_community pythodexcommunity slidefunchat sweepglobal_chat meta_earth_community topnodgroup scandiccoin_group mstblockchainchat meccaglobalchat iopndiscussion crypgptcommunity biznanachannelchat axionchaten extsycommunity rzto_io_chat nodiens agentaicash powerxone hellotelos airdropdetectivesupport miuro_ai,poloxdaocommunity ai_auctionschat artyfactgroup iotradersiochat yieldbaycommunity pikudao_group concealcommunity exot_community cheesepad_group vitalum_io_group zetcoreteam_chat paydaxcommunity purintaxyz aialgoanalysis,172,60,9,"🕵🏻‍♂️‍ We, ""Airdrop Detective Team,"" are experts in crypto, especially in airdrop & bounty.  🔍 Our Airdrops are:  ✅  Verified  ✅  New  ✅  Valuable  📞 Contact: @AirdropManager  🕊 Twitter.com/AirdropDet  📹 Youtube.com/AirdropDetective",2026-09-29T13:34:58+00:00,
cancore_io,3292114886,master:project_channel,alive,public_group_active,Cancore [Announcements],166334,2026-09-29,9,False,False,False,cancore_chat,True,66,54,cancore_chat cancore_chat,FiveNorthHQ,5,5,0,[cancore.io] – The Liquidity OS for Tokenized Finance  X/Twitter: x.com/cancore_io Discord: discord.com/invite/cancore  Official Chat: @cancore_chat,2026-09-30T17:49:27+00:00,
bitcoinbase_news,3437133211,master:project_channel,alive,public_group_active,Bitcoin Base Announcements,33025,2026-09-27,8,False,False,False,bitcoinbase_community,True,46,35,bitcoinbase_community,,0,0,0,Official announcement channel for the Bitcoin Base project.,2026-09-30T17:50:25+00:00,
coinlotto_xyz,3952218469,master:project_channel,alive,public_group_active,CoinLotto,524,2026-09-30,19,False,False,False,coinlotto_chat,True,59,45,coinlotto_chat coinlotto_chat,,1,1,0,The first decentralized multi-chain lottery protocol.   💬 Official chat: https://t.me/coinlotto_chat  🌐Our website: coinlotto.xyz 🔗Our links: linktr.ee/coinlotto,2026-09-30T17:50:43+00:00,
adspoweren,1271313185,master:project_channel,alive,public_group_active,AdsPower Browser | News (EN),2087,2026-09-30,26,False,False,False,adspowerenchat,True,80,45,adspowerenchat adspowerenchat,,11,11,2,✅AdsPower official English channel  🤙Chat: https://t.me/adspowerenchat  ➡️Website: https://bit.ly/3RGSR6w,2026-09-30T17:51:08+00:00,
crypgpttoken,2523704967,master:project_channel,alive,public_group_active,CRYPGPT TOKEN OFFICIAL,58700,2026-09-30,27,False,False,False,crypgptcommunity,True,28,11,crypgptcommunity crypgptcommunity BiconomyCom,,4,4,0,,2026-09-30T17:52:02+00:00,
rztoio,2505360200,master:project_channel,alive,inactive,RZTO | News channel,44842,2026-05-06,0,False,False,False,,,,,,,,,,RZTO is a rewards ecosystem that integrates mobile networks with Al and the blockchain both within and outside mobile connection subscribers.  Community Chat: @rzto_io_chat Website: rzto.io X/Twitter: x.com/rztoio Instagram: instagram.com/rzto.io/,2026-09-30T17:53:05+00:00,
Slidefunchannel,2605393260,master:project_channel,alive,public_group_active,Slide.fun Channel,38708,2026-09-30,66,False,False,False,slidefunchat,True,54,35,slidefunchat slidefunchat rcd_wb3_chat InsightXHQ,kultgameslocalgroup KachingVIP,54,54,0,Swipe. Launch. Moon. 🛝  📍 Join now: @slidefunbot  X: https://x.com/SlideFunBot Chat: https://t.me/slidefunchat,2026-09-30T17:53:24+00:00,
SweepGlobal,2509123084,master:project_channel,alive,public_group_active,Sweep Announcement,11277,2026-09-29,41,False,False,False,SweepGlobal_Chat,True,36,25,SweepGlobal_Chat SweepGlobal_Chat,,1,1,0,Sweep is the paradigm of the future. Airdrop: @SweepAirdrop_Bot Chat: @SweepGlobal_Chat,2026-09-30T17:57:33+00:00,
Meta_Earth_Announcement,1920360661,master:project_channel,alive,public_group_active,Meta Earth Announcement,6639,2026-09-29,37,False,False,False,Meta_Earth_Community,True,38,21,Meta_Earth_Community Meta_Earth_Community,MktsInsider,44,44,0,Welcome to join Meta Earth community at https://t.me/Meta_Earth_Community Building modular value network——ME(Meta Earth) Network to promote real-world human happiness & sustainable ecological development. #Efficient #Scalable #Interoperable,2026-09-30T17:58:04+00:00,
ScandicCoin,3865890583,master:project_channel,alive,public_group_active,SCANDIC COIN (SNC),157325,2026-09-30,52,False,False,False,ScandicCoin_Group,True,19,12,ScandicCoin_Group ScandicCoin_Group,,1,1,0,"SCANDIC COIN (SNC) is a global blockchain RWA initiative - more than a currency. it represents a secure, transparent & thriving future, managed by the SCANDIC FINANCE GROUP as a core brand within the SCANDIC ecosystem! ✅Official Group: @ScandicCoin_Group",2026-09-30T18:00:43+00:00,
mstblockchain,2707409121,master:project_channel,alive,public_group_active,MST Blockchain Channel,9183,2026-09-30,60,False,False,False,mstblockchainchat,True,68,49,mstblockchainchat mstblockchainchat,,4,4,0,Blockchain Technology & Web3 Infrastructure Smart Contracts • dApps • Enterprise Use Cases Technology Insights & Educational Content,2026-09-30T18:01:16+00:00,
iopn_io,2740933787,master:project_channel,alive,public_group_active,IOPn,11512,2026-09-28,14,False,False,False,iopndiscussion,True,34,25,iopndiscussion iopn_chinese,iopn_korean iopn_russian iopn_spanish iopn_turkish,12,12,0,One chain. One identity. Fully sovereign.  https://x.com/IOPn_io https://discord.gg/iopn,2026-09-30T18:01:54+00:00,
Axioncoin1,3201971619,master:project_channel,alive,inactive,Axion Announcement,10026,2026-01-09,0,False,False,False,,,,,,,,,,,2026-09-30T18:04:52+00:00,
ExtsyChannel,2415470640,master:project_channel,alive,inactive,Extsy Official Channel,10864,2026-01-12,0,False,False,True,,,,,,,,,,"Welcome to the EXTSY Official Channel! Stay updated with the latest news, crypto insights, and community events.   🌐 Website: https://extsy.com/ 🐦 Twitter: https://x.com/ExtsyPlatform Telegram Group: https://t.me/ExtsyCommunity",2026-09-30T18:05:04+00:00,
AgentAiCashAnn,2290599259,master:project_channel,alive,public_group_active,AGENT AI CASH Announcement,9382,2026-09-30,15,False,False,False,AgentAiCash,True,59,47,AgentAiCash agentaicash,aialgoanalysis,2,2,0,🤖 Agent AI Cash | $AAIC  AI × Crypto × Finance  📢 Official Updates 🚀 Product Development 📊 Project News  🌐 agentaicash.com,2026-09-30T18:05:24+00:00,
PowerXOneAnnouncement,4365144649,master:project_channel,alive,public_group_active,PowerX One Announcement,2106,2026-09-30,45,False,False,False,PowerXOne,True,66,21,PowerXOne PowerXOne,,4,4,2,"Official announcement channel for PowerX OneWallet. Product releases, PX1 token updates, audit results and DAO governance votes. Read only. Community chat:  https://t.me/PowerXOne Website: https://powerx.one/ Official Links: https://powerxone.carrd.co/",2026-09-30T18:05:55+00:00,
superlitho,1488454450,master:project_channel,alive,inactive,Lithosphere (LITHO) Announcements,8009,2026-03-26,0,False,False,False,,,,,,,,,,Lithosphere is the next-generation network for cross-chain applications powered by AI. https://LITHO.ai,2026-09-30T18:06:31+00:00,
LamineYamal_official_channel,2906871367,master:project_channel,alive,inactive,Lamine Yamal Official Channel,5423,2025-08-28,0,False,False,False,,,,,,,,,,,2026-09-30T18:06:51+00:00,
HuntFiOfficial,2674586418,master:project_channel,alive,inactive,HuntFi Announcements,1062,2025-10-30,0,False,False,False,,,,,,,,,,"🧭 HuntFi - GPS treasure hunt game! Find crypto chests around you, earn HUFI tokens. Explore. Hunt. Earn! 🗺💰",2026-09-30T18:07:03+00:00,
artyfactnews,1663434026,master:project_channel,alive,inactive,Artyfact Announcements,232336,2026-07-08,0,False,False,False,,,,,,,,,,Official Artyfact Announcements' Channel  ⚡️Group: @artyfactgroup  ⚡️Website: www.artyfact.game  ⚡️Twitter: https://twitter.com/artyfact_game  ⚡️Discord: https://discord.gg/artyfact  Support: @artyfact_game_support,2026-09-30T18:07:16+00:00,
ai_auctions,2727533668,master:project_channel,alive,public_group_active,Ai Auction News,20956,2026-09-30,4,False,False,False,Ai_auctionschat,True,0,0,Ai_auctionschat,,21,21,0,"AI-Powered Auction: Experience the future of digital auctions where artificial intelligence meets blockchain technology. Discover, bid on, and own the world's l",2026-09-30T18:07:36+00:00,
iotradersio,3238416072,master:project_channel,alive,public_group_active,IO Trader IO️ Announcement,76315,2026-09-30,16,False,False,True,iotradersiochat,True,1,1,iotradersiochat coingecko CyreneAI Phnx_fi,GateDex Dubai_block BitgetWallet wagmi_vc,37,37,0,"Decentralized Trading Platform,Precision Futures Trading Built for Modern Traders Trade crypto, forex, commodities and more with low fees,  https://x.com/iotraderio",2026-09-30T18:08:54+00:00,
EXOT_ann,3010359129,master:project_channel,alive,inactive,EXOT Announcement,43864,2026-04-27,0,False,False,False,,,,,,,,,,,2026-09-30T18:14:32+00:00,
Cheese_Pad,3126159791,master:project_channel,alive,public_group_active,CheesePad Announcement,27031,2026-09-19,2,False,False,False,CheesePad_Group,True,9,6,CheesePad_Group,cheesepad_group,10,10,1,The only launchpad where the mouse chases success and the cheese fuels innovation.,2026-09-30T18:14:45+00:00,
zetcoreteam,2294796617,master:project_channel,alive,inactive,ZET NETWORK,16525,2026-03-05,0,False,False,False,,,,,,,,,,,2026-09-30T18:15:31+00:00,
paydaxofficial,2646255797,master:project_channel,alive,inactive,PaydaxOfficial,2531,2025-10-28,0,False,False,False,,,,,,,,,,pdprotocol.com,2026-09-30T18:15:44+00:00,
ZenoTraderChannel,2820393578,master:project_channel,alive,public_group_active,Zeno Traders - Updates,1118,2026-09-30,70,False,False,False,ZenoTraderCommunity,True,0,0,ZenoTraderCommunity,,2,2,0,Zeno Traders is an AI-powered trading intelligence company backed by Token Utility  What we offer:  — Personalised AI Trading Agent for Every Trader — Crypto funded trading challenges — Token Backed Ecosystem  — Rewards For Disciplined Traders,2026-09-30T18:16:03+00:00,
SPACEXONBSC,3932151630,master:project_channel,alive,inactive,SPACEX | BSC,418,2026-06-29,0,False,False,False,,,,,,,,,,SPACEX ON BSC | THE FUTURE IS DECENTRALIZED,2026-09-30T18:16:33+00:00,
Deepseaio,2762343066,master:project_channel,alive,public_group_active,Deep Sea | Channel,7746,2026-09-29,8,False,False,False,Deepsea_chat,True,9,7,Deepsea_chat,Deepsea_chat,2,2,0,Al-Powered Blockchain Analytics Platform.  🐋 Website: https://desea.io 🐋 Our social media: https://beacons.ai/desea.io   👥 Discussion group: @Deepsea_chat,2026-09-30T18:16:45+00:00,
SafeHavenExch_Announcements,2174809634,master:project_channel,alive,inactive,SafeHaven Exchange Official Announcements,92,2026-08-05,0,False,False,False,,,,,,,,,,,2026-09-30T18:17:10+00:00,
chainstake_org,2853171710,master:project_channel,alive,inactive,CHAINSTAKE,73,2025-09-22,0,False,False,False,,,,,,,,,,🌙 Chainstake.org ✨ Dreaming in crypto. Building in shadows. 🪙 Daily Stake ROI. 👾 Web3 |1 Daily APR | 2% Daily ROI 🌕 Billionaire dreams. #chainstake 🚀,2026-09-30T18:17:23+00:00,
mineblue_uk,2449495557,master:project_channel,alive,inactive,Mine Blue,19929,2025-11-22,0,False,False,False,,,,,,,,,,"Welcome to Mine Blue – the groundbreaking metaverse project designed to transform your digital gaming experience. Here, advanced technology meets immersive gameplay, creating a virtual world like no other.",2026-09-30T18:17:35+00:00,
icopax,2732096507,master:project_channel,alive,inactive,ICOPAX: One Bot – All of Crypto,1310,2026-01-31,0,False,False,False,,,,,,,,,,Your Telegram-native launchpad & trading bot for early access to top crypto deals.  🚀 Bot: @icopax_v1_bot 💬 Chat: @icopaxchat 🔗 X: x.com/icopax_labs 🆘 Support: @ICOPAXsupport,2026-09-30T18:17:54+00:00,
dudedex,3786745415,master:project_channel,alive,public_group_active,D-Dex Official,9062,2026-09-16,19,False,False,False,dudedexofficial,True,0,0,dudedexofficial,dudedexofficial,1,1,0,Visit our office website - www.dudedex.cloud Community Driven Token Trading wallet & Games Trade Play Earn.,2026-09-30T18:18:07+00:00,
CryptoFlash,,master:manual_check_of_@cryptoflash_news,not_found_web,dead,,,,,,,,,,,,,,,,,,2026-09-30T18:18:31+00:00,
pumpour,,master:manual_check_of_@F_crypto_pumps_l,user_or_bot_web,dead,,,,,,,,,,,,,,,,,,2026-09-30T18:18:34+00:00,
TradingPROs,,master:manual_check_of_@Trading_Signals_Bitcoin_Forex,alive_web,inactive,ТРЕЙДИНГ ЭТО ПРОСТО,27,2023-06-14,0,,,,,,,,,,,,,Канал о трейдинге он развеет мифы что трейдинг это сложно СОТРУДНИЧЕСТВО:  https://t.me/Nicktt1,2026-09-30T18:18:36+00:00,
nebortrade,,master:manual_check_of_@forex_signalsc,user_or_bot,dead,,,,,,,,,,,,,,,,,,2026-09-30T18:19:51+00:00,
CryptoLibrarysAirdrop,1532711719,master:aggregator,alive,public_group_active,Crypto Librarys Airdrop,78269,2026-09-04,1,False,False,True,,,,,crypgptcommunity rzto_io_chat cryptolibrarydiscussion your_community,favrrchat lottrycommunity goracoingroup soai_officecommunity hybridcommunity cryptoclubs_group cryptogamingtech nutsack_squirrel,90,60,3,First Verified Airdrop Channel in The World #DYOR  📩 For Business : @aossy   📢®Note - Please do your own research (DYOR) before joining to any airdrops project. All our team not financial advice.,2026-09-30T18:20:37+00:00,
airdropinspector,1156966846,master:aggregator,alive,public_group_active,Airdrop Inspector,706595,2026-09-30,29,False,False,True,AirdropSupportGroup,True,79,19,AirdropSupportGroup topnodgroup mgbx_english marschain5 uponly_space spark_coded mypalofficial1,picksdotappcommunity beartrapcommunity miningmai_chat starphonecc xileague dextrobotai,23,23,0,For business inquiries DM: @airdropinspect  Airdrop Inspector will let you notified with Legit✔️Verified✔️New✔️Absolutely Free crypto airdrops!  🕊https://x.com/airdropinspect 🌐 https://airdropinspector.com 📹https://www.youtube.com/c/AirdropInspector,2026-09-30T18:27:25+00:00,
AirdropO,1380377693,master:aggregator,alive,public_group_active,🎎 Airdrop Ninja 🎎,357096,2026-09-28,2,False,False,False,AirdropNinjaGroup,True,74,9,AirdropNinjaGroup,artyfactgroup giverep cryptogamingtech pepe_palm_beach goldenfrog_en,19,19,2,Bot Developer and Promotor.  ✅ Create Airdrop bot ✅ Promotion ✅ Always legal Airdrops  🌍 Channels: 🔹https://twitter.com/cryptotownEU 🔹@AirdropO  ☎️ Contact: @MarketingAirdropo or @AirdropNinjaMarketing,2026-09-30T18:32:56+00:00,
bitcoin_industry,1476708816,tgdataset,alive,public_group_active,Bitcoin Industry,433902,2026-09-27,7,False,False,False,,,,,cnktplus openledgerkorea getverse,cryptosmarthub_chat propdefi openledgercn openledgerofficial metagamescoin_io,19,19,2,☄️ Publishing news from the crypto industry faster than anyone else ☄️ Promotion offers: @miaMybtc,2026-09-30T18:35:22+00:00,
Bitcoin_NewsTG,1440886655,tgdataset,alive,inactive,.,10562,2025-01-10,0,False,False,False,,,,,,,,,,,2026-09-30T18:40:20+00:00,
CryptoWorldICOs,2498043266,tgdataset,alive,no_group,Crypto World ICOs,27,2026-09-06,1,False,False,False,,,,,,,0,0,0,,2026-09-30T18:40:43+00:00,username now belongs to a different channel
Crypto_Publisher,2254042334,tgdataset,alive,no_group,Crypto Publisher,63,2026-09-06,1,False,False,False,,,,,,,0,0,0,,2026-09-30T18:41:11+00:00,username now belongs to a different channel
CryptoNewsSource,1487889236,tgdataset,alive,inactive,.,8597,2018-12-30,0,False,False,False,,,,,,,,,,,2026-09-30T18:41:40+00:00,
Whalesguide,1288385100,tgdataset,alive,public_group_active,Whales Crypto Guide,197625,2026-09-29,32,False,False,False,Whalescryptos,True,41,18,Whalescryptos Whalescryptos,,2,2,0,This channel aims to provide the most profitable signals about crypto  Join @Whalescryptos chat group  twitter.com/Whalesofcrypto  Do trading and investment at your own risk DYOR We are not responsible for any further loss  DM for VIP group  @Whalescrypto,2026-09-30T18:42:03+00:00,
Crypto_Bitcoin_Blockchain,2408221575,tgdataset,alive,no_group,Crypto | Bitcoin | Blockchain,32,2026-09-06,1,False,False,False,,,,,,,0,0,0,,2026-09-30T18:43:07+00:00,username now belongs to a different channel
CryptoWorldNews,1277327948,tgdataset,alive,public_group_active,CryptoWorldNews,42288,2026-09-30,200,False,False,False,CryptoChatCWN,True,1,1,zcash_community_chat,coininfo_chat,9,9,0,"Your ultimate source for the latest crypto news, market analysis, and in-depth insights. Stay ahead in the crypto game – all for free! 🔍💡  @CryptoWorldNews @FinancialWorldUpdates Contact: @LukaGrantTG  Buy ads: https://telega.io/c/CryptoWorldNews",2026-09-30T18:43:35+00:00,
CryptoWorldAnalysis,2318017138,tgdataset,alive,no_group,Crypto World Analysis,19,2026-09-06,1,False,False,False,,,,,,,0,0,0,,2026-09-30T18:46:00+00:00,username now belongs to a different channel
Bitcoin_Magazine,1498137829,tgdataset,alive,public_group_active,Bitcoin Magazine,14437,2026-09-30,200,False,False,False,,,,,zcash_community_chat,,4,4,0,Contact: @Mark_CryptoNews,2026-09-30T18:46:28+00:00,
Bitcoin_Crypto_Coin_Calendar,1336567569,tgdataset,alive,inactive,.,9221,2020-11-01,0,False,False,False,,,,,,,,,,,2026-09-30T18:47:18+00:00,
CryptoCoinsCoach,1128751144,tgdataset,alive,no_group,Coach,23145,2026-09-23,64,False,False,True,,,,,,,2,2,0,CRYPTO COIN NEWS TRADING ALPHA & PORTFOLIO RESEARCH  ✅ Pvt Memberships: [Non-Refundable]  DM ➡️ @verify_coach   Educational Content - Not A Financial Advice! DYOR  BITCOIN TRUMP WLFI BYBIT ETHEREUM AI SOLANA DOGE XRP ADA TRADE CHARTS INF,2026-09-30T18:47:41+00:00,username now belongs to a different channel
CryptoMarketTime,1350751489,tgdataset,alive,inactive,.,9110,2019-07-15,0,False,False,False,,,,,,,,,,,2026-09-30T18:48:24+00:00,
thebull_crypto,1382986975,tgdataset,alive,private_links_only,The Bull,174641,2026-09-30,114,False,False,False,,,,,,,2,2,1,None of my posts are financial advice. Its my observation and opinion. Do your own research.  Business: @thebullowner  Exclusive Group: @TBE_SUPPORTER  Tweets: x.com/thebull_crypto  Channel link: https://t.me/+X0yIZqu2BQxlZTBl,2026-09-30T18:48:47+00:00,
unfolded,1358788312,tgdataset,alive,no_group,unfolded.,117224,2026-09-30,85,False,False,False,,,,,,,2,2,0,Hand-curated crypto market insights  DeFi: @unfolded_defi | X: x.com/cryptounfolded | DM @nakamotocat,2026-09-30T18:49:28+00:00,
Kucoin_News,1128134602,tgdataset,alive,public_group_active,KuCoin Announcement,87762,2026-09-30,200,False,False,False,,,,,kucoin_exchange kumining_en,,6,6,0,"Leading global crypto platform built on trust | 40M+ users worldwide  Material on this page is directed only at persons outside of the UK, and must not be acted upon by persons in the UK.",2026-09-30T18:50:01+00:00,
ico_analytic,1252741288,tgdataset,alive,public_group_inactive,ICO Analytics (StandWithUkraine 🇺🇦),56768,2026-09-28,10,False,False,False,,,,,,ICO_Analytics_EN ICO_Analytics_UA,3,3,0,We are focused on new coins: news and analysis.  https://icoanalytics.org https://twitter.com/ICO_Analytics  https://www.facebook.com/ICOAnalytics/  🇬🇧Chat: https://t.me/ICO_Analytics_EN  🇺🇦 Chat: https://t.me/ICO_Analytics_UA  Admin: @ILLIA_K,2026-09-30T18:51:52+00:00,
icodrops,1108179394,tgdataset,alive,no_group,ICO Drops - ICO News & Alerts,42634,2026-09-10,1,False,False,False,,,,,,,1,1,0,https://icodrops.com/ - Simple and beautiful ICO Calendar with independent ratings & analytics. With us it's impossible to miss the next great #ICO. 🚀  Contacts: @icodrops_support (for any questions),2026-09-30T18:55:33+00:00,
coindar,1110096867,tgdataset,alive,no_group,Coindar,11144,2026-09-30,200,False,False,False,,,,,,,1,1,0,Official Coindar.org Channel  🔗 Contacts & Ecosystem: https://t.me/linkforkbot/link?startapp=coindar  🏷 Fee Discounts: https://t.me/linkforkbot/link?startapp=discounts,2026-09-30T18:56:03+00:00,
daomaker_ann,1276490996,tgdataset,alive,public_group_active,DAO Maker News,14760,2026-09-24,2,False,False,True,daomaker,True,4,4,your_community,daomaker rebelbotschat weebsgroup rgamesofficialchat edu3labscommunity cyberarenacommunity tenetpublicchat arbipadchat rejuvecommunity,71,60,0,"DAO Maker's Announcement Channel will offer important updates on the DAO Pad and the projects that utilize it, as-well-as regular notifications on interesting industry events.  Join Chat: https://t.me/daomaker",2026-09-30T18:56:51+00:00,
top7ico,1210046212,tgdataset,alive,comments_only,"Top 7 | Tech, AI & Crypto Analytics",24241,2026-09-30,91,False,False,False,top7ico_chat,True,0,0,,,2,2,0,"Daily analytics, news and insights on what's shaping big tech, AI & crypto. Follow for your daily Tech On Point  Proudly rooted in Ukraine 🇺🇦  Contact: @top7dan X: x.com/top7ico",2026-09-30T19:05:06+00:00,
wavesnews,1050702615,tgdataset,alive,public_group_active,Waves 🌊,1031897,2026-09-28,19,False,False,False,Wavescommunity,True,24,9,Wavescommunity wavescommunity ape_bond,koalaswapchat unilendchat wavesonchains unitsnetwork wavesbridge wavesfutbol unitsnetwork2 ambassadordao joinpete,21,21,0,"The L1 for real builders: Fast. DAO-powered. Made for dApps, DeFi & RWA  Making Waves in Web3 since 2016 🌊  Website: https://waves.tech/",2026-09-30T19:06:05+00:00,
crypto_news,1390962007,tgdataset,alive,no_group,Crypto News - Fast Market Moving⚡️,26080,2026-09-30,138,False,False,False,,,,,,,1,1,0,Latest crypto market insights and news 🚨  Rainbet.com #1 non-kyc crypto casino & sportsbook @rainbetcom,2026-09-30T19:11:53+00:00,
