group,title,members,is_linked_to,msgs_7d,users_7d,free_msgs_7d,free_users_7d,last_msg,scam,fake,active
kybernetwork,Kyber Network Official,7459,officialkybernetwork,47,12,21,9,2026-09-29,False,False,True
fraxfinance,Frax Finance,13168,,99,36,55,24,2026-09-29,False,False,True
Zycot_Support_Group,Zycot Support and Reward Group,4771,,23,12,17,11,2026-09-29,False,False,True
cancore_chat,Cancore [Chat],99561,cancore_io,100,62,66,54,2026-09-29,False,False,True
bitcoinbase_community,Bitcoin Base Community,32572,bitcoinbase_news,100,53,46,35,2026-09-29,False,False,True
PythoDEXCommunity,PythoDex Community,11605,,51,21,22,14,2026-09-29,False,False,True
slidefunchat,Slide.fun Chat,42622,Slidefunchannel,100,40,54,35,2026-09-29,False,False,True
poloxdaocommunity,Poloxdao Community,22193,,0,0,0,0,2026-09-11,False,False,False
SweepGlobal_Chat,Sweep,37163,SweepGlobal,100,31,36,25,2026-09-29,False,False,True
Meta_Earth_Community,Meta Earth Community,125465,Meta_Earth_Announcement,100,28,38,21,2026-09-29,False,False,True
Ai_auctionschat,Ai Auction Chat,13205,ai_auctions,2,0,0,0,2026-09-28,False,False,False
TopNodGroup,TopNod_Group,20140,,100,25,24,15,2026-09-29,False,False,True
ScandicCoin_Group,SCANDIC COIN (SNC-Group),83650,ScandicCoin,30,13,19,12,2026-09-29,False,False,True
artyfactgroup,Artyfact Global Group,154103,artyfactnews,0,0,0,0,2026-07-21,False,False,False
iotradersiochat,IO Trader IO,69201,iotradersio,5,1,1,1,2026-09-28,False,False,False
mstblockchainchat,MST Blockchain Official Group,8638,mstblockchain,93,57,68,49,2026-09-29,False,False,True
yieldbaycommunity,Yieldbay Community,1489,,3,3,2,2,2026-09-25,False,False,False
MeccaGlobalChat,MECCA Chat,31866,,100,21,93,18,2026-09-29,False,False,True
PikuDAO_Group,Piku Finance Community,3345,,13,4,2,2,2026-09-28,False,False,False
concealcommunity,Conceal Community,941,,7,4,5,3,2026-09-29,False,False,False
EXOT_community,EXOT Community,38493,EXOT_ann,2,2,1,1,2026-09-29,False,False,False
iopndiscussion,IOPn | Discussion,111591,iopn_io,72,37,34,25,2026-09-29,False,False,True
CheesePad_Group,🐹🧀CheesePad Group,31380,Cheese_Pad,14,8,9,6,2026-09-28,False,False,False
crypgptcommunity,CrypGPT Community,54166,crypgpttoken,100,15,28,11,2026-09-29,False,False,True
biznanachannelchat,Biznana Community!,14904,,100,27,11,6,2026-09-29,False,False,True
axionchatEn,Axion Community,12148,Axioncoin1,58,8,45,7,2026-09-29,False,False,True
vitalum_io_group,Vitalum Official Group,15958,,0,0,0,0,2026-09-15,False,False,False
ZetCoreTeam_chat,ZET NETWORK Chat,18746,zetcoreteam,0,0,0,0,2026-08-28,False,False,False
PaydaxCommunity,PaydaxOfficial - Community,1223,paydaxofficial,0,0,0,0,2026-09-19,False,False,False
ExtsyCommunity,Extsy Community,19971,ExtsyChannel,27,12,20,12,2026-09-29,False,False,True
rzto_io_chat,RZTO | Community chat,47868,rztoio,100,11,100,11,2026-09-28,False,False,True
nodiens,Nodiens,38747,,100,70,75,66,2026-09-29,False,False,True
Purintaxyz,Purintaxyz,0,,0,0,0,0,,False,False,False
AgentAiCash,AGENT AI CASH,8204,AgentAiCashAnn,100,49,59,47,2026-09-29,False,False,True
DoctorBitcoin,The Rizzn InDAOstrial Compex,83,blocktroll,5,1,1,1,2026-09-28,False,False,False
AiAlgoAnalysis,AI Agent Ai Algo Trade and Analysis,5488,,4,2,2,2,2026-09-29,False,False,False
PowerXOne,PowerX One,3001,PowerXOneAnnouncement,100,23,66,21,2026-09-29,False,False,True
HelloTelos,Telos Community,8822,,77,22,46,17,2026-09-29,False,False,True
AirdropDetectiveSupport,Airdrop Detective Community 1,188187,,100,96,78,76,2026-09-29,False,False,True
miuro_ai,MIURO,12255,,99,8,0,0,2026-09-29,False,False,True
AirdropGroup,Airdrop Group,188521,Airdrop,100,35,15,11,2026-09-29,False,False,True
coinlotto_chat,CoinLotto Chat,414,coinlotto_xyz,100,54,59,45,2026-09-29,False,False,True
adspowerenchat,AdsPower Browser | Chat (EN),4908,adspoweren,100,49,80,45,2026-09-29,False,False,True
lithochat,Lithosphere (LITHO) Official Global,37900,superlitho,97,30,63,25,2026-09-29,False,False,True
PicksdotappCommunity,GetPicks Official,310,,72,4,4,2,2026-09-29,False,False,False
ZenoTraderCommunity,Zeno Traders - Community,1120,ZenoTraderChannel,2,0,0,0,2026-09-25,False,False,False
spacexbscchat,SPACEX CHAT,2147,SPACEXONBSC,5,2,5,2,2026-09-26,False,False,False
miningmai_chat,MAI Chat,23963,,14,5,6,4,2026-09-29,False,False,False
Deepsea_chat,Deep Sea | Chat,5480,Deepseaio,42,27,9,7,2026-09-29,False,False,False
AirdropGroupII,Airdrop Group II,178287,,4,0,0,0,2026-09-28,False,False,False
sixrcommunity,SIXR COMMUNITY,15030,,37,15,0,0,2026-09-29,False,False,True
tokenforgeOfficialCommunity,tokenforge Community,5817,,100,12,38,12,2026-09-29,False,False,True
biznanacommunity,.,50,,0,0,0,0,2026-08-23,False,False,False
aideficommunity,AIDEFI,1949,,0,0,0,0,2026-08-30,False,False,False
SafeHavenExch_Community,SafeHaven Exchange Official Community,1698,SafeHavenExch_Announcements,14,4,13,4,2026-09-28,False,False,False
LamineYamal_official_group,Lamine Yamal Official Group,6702,LamineYamal_official_channel,90,13,16,8,2026-09-29,False,False,True
trovxcommunity,TROVX COMMUNITY,86,,0,0,0,0,2026-09-18,False,False,False
chainstakechat,Chainstake Community,65,chainstake_org,0,0,0,0,2026-08-13,False,False,False
minebluecommunity,Mine Blue,11340,mineblue_uk,0,0,0,0,2026-07-27,False,False,False
HuntFiChat,HuntFi Chat,1061,HuntFiOfficial,15,5,15,5,2026-09-29,False,False,True
icopaxchat,ICOPAX Community,24223,icopax,0,0,0,0,2026-09-17,False,False,False
dac_chain,DAC | Quantum Chain,52133,,100,66,75,58,2026-09-29,False,False,True
picksdotapp,Picksdotapp,0,,0,0,0,0,,False,False,False
recycletokens,Recycle Tokens | Launch on PUMPFUN 👁,91,,82,21,69,19,2026-09-29,False,False,True
dudedexofficial,D-Dex Official chat,181,dudedex,0,0,0,0,2026-09-29,False,False,False
play_vice,VICE,483,,29,11,18,8,2026-09-29,False,False,True
unitokenunic,UNIC Crypto (UNIC),7715,,100,33,77,33,2026-09-29,False,False,True
