username,title,kind,participants,scam,fake,verified,linked_chat_id,last_date,msgs_7d,users_7d,real_group,found_via,note
Gold_Trader_Xauusd_Forex_Signals,GOLD FOREX TRADER,group,385453,False,False,False,3613877121,,,,False,search:forex signals,discussion group of a channel
Gold_btcusd_xauusd,GOLD BTCUSD XAUUSD FOREX SIGNALS,group,342532,False,False,False,,2026-09-29,100,0,False,search:forex signals,
AirdropDetectiveTeam,Broadcast Channel,group,306495,False,False,True,,2026-09-26,3,0,False,search:airdrop,
Crypto_1winod_hackfqohitlz,Aviatorr Signals 🚀 Crypto,group,231300,False,False,False,,2026-08-22,0,0,False,search:crypto signals,
Forex_xauusd_signals_6,FOREX XAUUSD BTCUSD SIGNAL,group,190747,False,False,False,4497989195,,,,False,search:forex signals,discussion group of a channel
AirdropDetectiveSupport,Airdrop Detective Community 1,group,188254,False,False,True,,2026-09-29,100,97,True,search:airdrop,
AirdropDetective,Airdrop Detective,channel,1058374,False,False,True,,2026-09-26,,,,about of @AirdropDetectiveSupport,49 linked usernames
Zycot_Support_Group,Zycot Support and Reward Group,group,4765,False,False,False,,2026-09-29,24,11,True,link from @AirdropDetective,
cancore_chat,Cancore [Chat],group,99576,False,False,False,3292114886,,,,False,link from @AirdropDetective,discussion group of a channel
bitcoinbase_community,Bitcoin Base Community,group,32569,False,False,False,3437133211,,,,False,link from @AirdropDetective,discussion group of a channel
PythoDEXCommunity,PythoDex Community,group,11607,False,False,False,,2026-09-29,50,21,True,link from @AirdropDetective,
Quotex_Crypto_Bitcoinn_Trading,Quotex Trading Signals📈🚀,group,168187,False,False,False,,2026-09-05,0,0,False,search:bitcoin trading,
trading_bitcoin_forex_signals,Trading Bitcoin Forex Signals,group,156354,False,False,False,2071373591,,,,False,search:bitcoin trading,discussion group of a channel
CHATTINGSD_FOREVER_Groupsf,Friend Crypto,group,112353,False,False,False,,2026-09-29,100,1,False,search:crypto chat,
quotex_trading_bitcoin_signals,Quotex Trading Bitcoin Signals,group,103804,False,False,False,1941370631,,,,False,search:bitcoin trading,discussion group of a channel
crypt6gj,𝗔𝗥𝗔𝗕 𝗜𝗡𝗩𝗘𝗦𝗧𝗠𝗘𝗡𝗧 🌹🐳𝗔𝗡𝗗 《𝐂𝐑𝐘𝐏𝐓𝐎》𝗣𝗨𝗠𝗣,group,78455,False,False,False,,2026-09-29,84,1,False,search:crypto investment,
CryptoDenisNFT_chat,DENIS | Crypto & NFT | Chat,group,31304,False,False,True,1757353383,,,,False,search:crypto chat,discussion group of a channel
yf_wn,Solana Gems Calls Pump Fun Memecoins,group,30685,False,False,False,,2026-09-29,100,1,False,search:solana gems,
dh_6f,Solana Gem Kripto Sinyal Memecoin Türkiye,group,30253,False,False,False,,2026-09-29,100,1,False,search:memecoin,
qr_9v,Solana Gems PH Memecoin Calls Signals,group,30082,False,False,False,,2026-09-29,100,1,False,search:memecoin,
tf_ev,Solana Gems India Memecoin Calls Signals,group,30075,False,False,False,,2026-09-29,100,1,False,search:memecoin,
coinsbit_chat,Coinsbit CryptoExchange,group,21570,False,False,True,,2026-09-28,3,3,False,search:crypto chat,
Next100XGEMSchat,Next 100X GEMS Chat,group,10692,False,False,True,1244559361,,,,False,search:100x gems,discussion group of a channel
cryptoxpress_chat,CryptoXpress Official Chat Group,group,9132,False,False,True,1490025220,,,,False,search:crypto chat,discussion group of a channel
PhemexFutures_en,Phemex Futures Trading Group,group,7814,False,False,True,,2026-09-29,100,33,True,search:trading group,
CryptoSnackCommunity,Crypto Snack | Official Community Group🍩,group,4841,False,False,True,,2026-09-27,1,1,False,search:crypto community,
BinanceFutures_Official,Binance Futures & Options Official [EN],group,4607,False,False,True,,2026-09-08,0,0,False,search:binance futures,
chat_crypto,Crypto Chat — Degen Calls,group,1443,False,False,False,,2026-09-19,0,0,False,search:crypto chat,
crypto_pumpi,دریافت سود روزانه با استیک تتر🔒,group,1218,False,False,False,,2024-10-16,0,0,False,search:crypto pump,
cryptoenthusiasts1_chat,Crypto Enthusiast| CHAT,group,926,False,False,False,1299646439,,,,False,search:crypto chat,discussion group of a channel
AltGemAlpha,Altcoin Gems ALPHA 💎,group,829,False,False,False,,2026-09-29,100,21,True,search:altcoin gems,
solgems_alphabot_community,Solana Gems Alphabot Community,group,825,False,False,False,2124772779,,,,False,search:solana gems,discussion group of a channel
cryptox_chat,CryptoX Vietnam | group chat,group,742,False,False,False,1566530582,,,,False,search:crypto chat,discussion group of a channel
Trading_group9,شركة مجموعة التداول السعودية,group,676,False,False,False,,2026-09-25,5,0,False,search:trading group,
coinpump245,Crypto Signal Pump,group,636,False,False,False,,2024-04-26,0,0,False,search:crypto pump,
cryptotrackerschat,Crypto Trackers Chat,group,490,False,False,False,,2026-09-29,43,8,True,search:crypto chat,
trackerscrypto,.,channel,2,False,False,False,,2023-07-15,,,,about of @cryptotrackerschat,inactive channel
Crypto_Chat7,Mega Crypto World,group,427,False,False,False,,2026-09-29,0,0,False,search:crypto chat,
investment_crypto,investment crypto,group,423,False,False,False,,2026-09-29,99,51,True,search:crypto investment,
arabwhalesgroup,Crypto Arab Community,group,317,False,False,False,,2026-09-24,11,3,False,search:crypto community,
Richards_Pumps,CryptoPumpsByRichards🚀,group,312,False,False,False,,2026-06-19,0,0,False,search:crypto pump,
group_trading,group_trading,group,258,False,False,False,,2026-09-28,25,8,True,search:trading group,
CryptoChaosCommunity,CryptoChaos.Club | Community,group,146,False,False,False,1835656759,,,,False,search:crypto community,discussion group of a channel
MisfitsTrading,Space Misfits - Trading Group,group,115,False,False,False,,2026-09-26,0,0,False,search:trading group,
CryptoMedved_public_chat,CryptoMedved public chat,group,102,False,False,False,1587631482,,,,False,search:crypto chat,discussion group of a channel
BITCOINW_TRADING,BITCOIN TRADING,group,88,False,False,False,4428834771,,,,False,search:bitcoin trading,discussion group of a channel
ai_tradinggroup,🧩AI TRADING GROUP,group,74,False,False,False,,2026-09-27,5,0,False,search:trading group,
MADDMemecoin,MADD MemeCoin Chat,group,46,False,False,False,2431422667,,,,False,search:memecoin,discussion group of a channel
trading_2key,2key Unofficial Trading Group,group,35,False,False,False,,2026-09-14,0,0,False,search:trading group,
bidensolcalls,𝓑𝓲𝓭𝓮𝓷 >> 𝙂𝙚𝙢𝙨 | 𝙎𝙤𝙡𝙖𝙣𝙖 100𝙭 𝘾𝙖𝙡𝙡𝙨,group,32,False,False,False,,2026-04-29,0,0,False,search:100x gems,
crypto_giveaways,Huobi Primebox Card Exchange,group,23,False,False,False,,2026-06-04,0,0,False,search:crypto giveaway,
giveaway_crypton,Розыгрыш Crypton [Истории],group,21,False,False,False,,2026-05-07,0,0,False,search:crypto giveaway,
defi_gems_100x,DeFi gems 10x - 100x,group,13,False,False,False,,2026-09-16,0,0,False,search:100x gems,
Crypto_Trading_MM,🧩Crypto Trading MM Group | Community | Airdrops,group,12,False,False,False,,2026-07-06,0,0,False,search:crypto community,
CryptopiaCommunity,Cryptopia Community,group,2,False,False,False,,2026-04-20,0,0,False,search:crypto community,
Airdrop,@Airdrop,channel,1132874,False,False,False,1668325898,2026-09-28,,,,search:airdrop,45 linked usernames
coinlotto_chat,CoinLotto Chat,group,410,False,False,False,3952218469,,,,False,link from @Airdrop,discussion group of a channel
adspowerenchat,AdsPower Browser | Chat (EN),group,4906,False,False,False,1271313185,,,,False,link from @Airdrop,discussion group of a channel
watersolmeme,$WATER | SOL MEMECOIN,channel,1128476,False,False,False,,2025-04-22,,,,search:memecoin,inactive channel
Trading_Crypto_Signals_Bitcoin,Trading Crypto Bitcoin Signals,channel,1038408,False,False,False,3929816437,2026-09-29,,,,search:bitcoin trading,0 linked usernames
airdropinspector,Airdrop Inspector,channel,698732,False,False,True,1451878558,2026-09-29,,,,search:airdrop,3 linked usernames
StarPhoneCC,StarPhone Global,group,28209,False,False,False,3728446210,,,,False,link from @airdropinspector,discussion group of a channel
AirdropKartOfficial,Airdrop Kart,channel,465336,False,False,True,1696075412,2026-07-31,,,,search:airdrop,inactive channel
AirdropO,🎎 Airdrop Ninja 🎎,channel,357371,False,False,False,1373391110,2026-09-28,,,,search:airdrop,6 linked usernames
artyfactgroup,Artyfact Global Group,group,154105,False,False,False,1663434026,,,,False,link from @AirdropO,discussion group of a channel
cryptogamingtech,CryptoGaming,group,57,False,False,False,,2026-09-28,7,3,False,link from @AirdropO,
Pepe_Palm_Beach,Pepe Palm Beach $PPB,group,5588,False,False,False,,2026-09-29,11,5,False,link from @AirdropO,
next10xgem1,Binance Spot & FutuRes Signals 🐋,channel,329019,False,False,False,,2026-09-29,,,,search:binance futures,0 linked usernames
Binance_Futures_Trades,🇺🇸 Crypto Signals Trading (AI),channel,316341,False,False,False,,2026-09-29,,,,search:binance futures,0 linked usernames
Signals_Trader_Trading,Crypto Futures,channel,298449,False,False,False,,2026-09-29,,,,search:crypto signals,0 linked usernames
Trading_Trader_Free,Signals Crypto,channel,251939,False,False,False,,2026-09-29,,,,search:crypto signals,0 linked usernames
cryptoflash_news,"CryptoFlash⚡️— blockchain, news, investments",channel,238755,False,False,False,,2026-09-29,,,,search:crypto investment,0 linked usernames
Gold_Forex_Xauusd_Btcusd_Signals,GOLD XAUUSD BTCUSD FOREX SIGNALS 📊,channel,235303,False,False,False,,2026-09-29,,,,search:forex signals,2 linked usernames
gems_airdrops_co,Crypto GEMs/Airdrops — Solana | BSC,channel,230024,False,False,False,,2026-09-28,,,,search:solana gems,0 linked usernames
F_crypto_pumps_l,FL Crypto Pumps,channel,211260,False,False,True,,2026-09-20,,,,search:crypto pump,0 linked usernames
Free_Crypto_Pumps_Signals_Vip,Free Crypto Pumps Signals,channel,161014,False,False,False,,2026-06-19,,,,search:crypto pump,inactive channel
binance_futures6,Binance Futures & Liquidations | Tracker,channel,152847,False,False,False,,2026-09-28,,,,search:binance futures,0 linked usernames
crypto_signalsf,Crypto Signals ⚡,channel,123107,False,False,False,,2026-09-29,,,,search:crypto signals,0 linked usernames
Trading_Signals_Bitcoin_Forex,Free Trading Signals Bitcoin Forex,channel,112887,False,False,False,,2026-09-29,,,,search:bitcoin trading,1 linked usernames
Crypto_Signals_Trading_Binance,Binance Trading Crypto Futures Signals,channel,96644,False,False,False,,2026-07-28,,,,search:binance futures,inactive channel
CryptoLibrarysAirdrop,Crypto Librarys Airdrop,channel,78514,False,False,True,,2026-09-04,,,,search:airdrop,12 linked usernames
crypgptcommunity,CrypGPT Community,group,54167,False,False,False,2523704967,,,,False,link from @CryptoLibrarysAirdrop,discussion group of a channel
rzto_io_chat,RZTO | Community chat,group,47873,False,False,False,2505360200,,,,False,link from @CryptoLibrarysAirdrop,discussion group of a channel
NUTSACK_SQUIRREL,NUTSACK SQUIRREL,group,4480,False,False,False,,2026-09-25,4,3,False,link from @CryptoLibrarysAirdrop,
Trading_Signals_Binance_Futures,Binance Futures Trading Signals Crypto,channel,75217,False,False,False,,2026-07-23,,,,search:binance futures,inactive channel
CryptoColls,Community,channel,71324,False,False,False,,2025-03-05,,,,search:crypto community,inactive channel
RoymanCrypto,Royman Crypto - INVESTMENT,channel,66324,False,False,False,,2026-09-24,,,,search:crypto investment,3 linked usernames
RoymanCrypto_Chat,💬Royman Crypto - COMMUNITY💎,group,3204,False,False,False,,2026-03-31,0,0,False,link from @RoymanCrypto,
FinCryptoDaily_en,"FinCrypto Daily | Finance, Crypto, Investments",channel,63345,False,False,False,,2026-09-29,,,,search:crypto investment,0 linked usernames
Crypto_Pumps_Profits_Signals,Crypto Pumps,channel,55334,False,False,False,,2024-05-25,,,,search:crypto pump,inactive channel
Trading_Signals_Futures_Binance,Binance Spot & Futures Trading Signals,channel,54401,False,False,False,,2026-09-29,,,,search:binance futures,0 linked usernames
incrypted_airdrops,Incrypted Airdrops,channel,46800,False,False,True,1938476196,2026-09-28,,,,search:airdrop,3 linked usernames
NEXT100XGEMS,Next 100X GEMS,channel,42206,False,False,True,1952276988,2026-09-25,,,,search:100x gems,3 linked usernames
memecoinx,Memecoin Gems Shilling 🚀,channel,38940,False,False,False,,2026-09-17,,,,search:memecoin,7 linked usernames
dagama_chat,daGama Chat,group,38582,False,False,False,1953555273,,,,False,link from @memecoinx,discussion group of a channel
NovaEx_Ai,Novaex Ai,group,52680,False,False,False,3210808893,,,,False,link from @memecoinx,discussion group of a channel
forex_signalsg,ForexSignals,channel,35536,False,False,False,,2026-09-29,,,,search:forex signals,1 linked usernames
forex_signalsc,Forex Signals Trading,channel,32892,False,False,False,,2026-09-29,,,,search:forex signals,2 linked usernames
Zero_To_Hero_premium_trading,ZERO TO HERO PREMIUM GROUP,channel,19181,False,False,False,,2026-09-29,,,,search:trading group,0 linked usernames
Signals_Mandarin,Crypto Mandarin the Signals,channel,18941,False,False,True,,2025-05-14,,,,search:crypto signals,inactive channel
binance_futuresr,Binance Futures Official ( Free Signal ),channel,11258,False,False,False,,2026-09-26,,,,search:binance futures,0 linked usernames
cryptobricegiveaways,CryptoBrice Giveaway,channel,9598,False,False,False,2438988585,2026-09-20,,,,search:crypto giveaway,2 linked usernames
bricegaw,CryptoBrice Community,group,121,False,False,False,,2026-09-15,0,0,False,link from @cryptobricegiveaways,
bullspromote,Bulls Crypto Giveaways 💴 🍃,channel,8198,False,False,False,2316273487,2026-08-22,,,,search:crypto giveaway,inactive channel
altcoin_gemss,Krypto Arbitrage,channel,7940,False,False,False,,2026-04-18,,,,search:altcoin gems,inactive channel
bft_forex_signals_free,WOLVES AUTOTRADER,channel,7329,False,False,False,,2025-10-09,,,,search:forex signals,inactive channel
itsgawsita,Sita Giveaway & CV Crypto🔮🐿️,channel,7052,False,False,False,3142935699,2026-09-29,,,,search:crypto giveaway,2 linked usernames
giveaway_cryptobo,КОНКУРСЫ И РАЗДАЧИ КРИПТОБОТ,channel,4992,False,False,False,,2026-09-03,,,,search:crypto giveaway,11 linked usernames
crypto1_pump,FTL Crypto Insider,channel,4423,False,False,False,1993355236,2025-07-27,,,,search:crypto pump,inactive channel
GemsofSensei,Altcoin Sensei | PRINT HOUSE 🖨️🏠,channel,3213,False,False,False,,2026-09-27,,,,search:altcoin gems,1 linked usernames
jinmucall,JinMu 100x Gems,channel,3189,False,False,False,,2026-09-29,,,,search:100x gems,1 linked usernames
bitcoino_trading,BITCOIN TRADING,channel,3064,False,False,False,,2026-09-23,,,,search:bitcoin trading,1 linked usernames
investments_in_crypto,Инвестиции в крипту,channel,1745,False,False,False,3704163879,2026-09-18,,,,search:crypto investment,0 linked usernames
early100xgems,Early 100x Gems,channel,1646,False,False,False,,2026-09-29,,,,search:100x gems,0 linked usernames
PapaWoody_100xGems,Papa Woody 100x Gems,channel,1518,False,False,False,,2026-09-26,,,,search:100x gems,4 linked usernames
wallstbetspumps,WallStreetBets Crypto Pumps - Investing!,channel,1421,False,False,False,,2021-08-25,,,,search:crypto pump,inactive channel
GiveawaysCryptobot,CryptoBot Giveaways,channel,1407,False,False,False,2071190399,2026-09-28,,,,search:crypto giveaway,18 linked usernames
Atom_one_chat,АТОМ | 𝐂𝐇𝐀𝐓 💬,group,7115,False,False,False,2001694983,,,,False,link from @GiveawaysCryptobot,discussion group of a channel
CRYPTO0_community,CRYPTO community,channel,1366,False,False,False,2004913693,2026-09-19,,,,search:crypto community,0 linked usernames
dailywhalepumps,Daily MemeCoin Pumps 📢,channel,1158,False,False,False,,2024-08-09,,,,search:memecoin,inactive channel
hyipsystemchecker,Crypto Investment Platforms,channel,1113,False,False,False,,2026-08-21,,,,search:crypto investment,inactive channel
powgemscallsol,Pow Gems CALL on SOLANA,channel,1054,False,False,False,3834876941,2026-03-16,,,,search:solana gems,inactive channel
HumbleApes,Humble Gems 100x,channel,976,False,False,False,,2026-09-21,,,,search:100x gems,1 linked usernames
Trading_Group,TRADING GROUP,channel,377,False,False,False,1312711566,2026-09-11,,,,search:trading group,5 linked usernames
note_yaddasht_room,Note یادداشت Room,group,14,False,False,False,1291520698,,,,False,link from @Trading_Group,discussion group of a channel
CapparisRoom,Capparis-Room / کاپاریس,group,127,False,False,False,2185998987,,,,False,link from @Trading_Group,discussion group of a channel
memecoincreatorinsider,Meme Coin Creator,channel,363,False,False,False,,2025-08-15,,,,search:memecoin,inactive channel
AltGemCalls,Altcoin Gems Calls 🚀,channel,299,False,False,False,,2026-05-20,,,,search:altcoin gems,inactive channel
crypto_investment9,Crypto Investment,channel,235,False,False,False,,2022-05-13,,,,search:crypto investment,inactive channel
cryptogwss,Giveaways,channel,192,False,False,False,,2026-09-28,,,,search:crypto giveaway,14 linked usernames
trading_Bitcoino,Bitcoin trading,channel,141,False,False,False,,2026-09-06,,,,search:bitcoin trading,1 linked usernames
Community_cryptoo,Ua Community,channel,130,False,False,False,2116273865,2025-10-04,,,,search:crypto community,inactive channel
cryptop_community,CrypTop Community,channel,123,False,False,False,2222574918,2024-09-26,,,,search:crypto community,inactive channel
DrDegensAltCoinGems,Degen’s Altcoin GEMS💎,channel,97,False,False,False,,2023-06-10,,,,search:altcoin gems,inactive channel
crypto_investment,Cryptocurrency Investment and Trading,channel,36,False,False,False,,2019-01-21,,,,search:crypto investment,inactive channel
LunarCryptoCommunity,Lunar Crypto Community,channel,32,False,False,False,,2025-09-03,,,,search:crypto community,inactive channel
cryptogiveawayforall,Giveaway & Regalos 🎁 Free & Gratis,channel,31,False,False,False,1432433912,2022-06-26,,,,search:crypto giveaway,inactive channel
BINANCE_FUTURESA,BINANCE FUTURESARAB,channel,25,False,False,False,1735385082,,,,,search:binance futures,
