channel_id,username,title,description,scam,verified,n_subscribers_2022,n_text_messages,last_message_date,n_tme_links,tme_links,topic,source,archive,archive_member
1545641939,voluntarily_e,Voluntarily,About how you can work voluntarily and still exist through donations.,False,False,59,149,2022-07-13,14,c/1239927019 digitalsoldiers1 freepeoplede freiwillig_d hiddeninplainsight1 iceagefarmer joinchat/ccayzhd5hfk4yzu0 lauraabolichannel monero mrtrumptastic007/112751 piratechain thedollarvigilanteofficial vrijwillig vrijwillig/171,Crypto,tgdataset,4,public_db/folder_3/file_113_from_vivela_vida_to_vsramem.json
1411132087,vseobiabloke,Crypto Ocean,"Apple, новости из мира яблока и технологий",False,False,2393,493,2022-07-31,5,+8miqlmlknho1njdi +i1zsnmmq13u0ntyy crypto_ocean_co joinchat/hzpdw9pnno44ntli joinchat/i1zsnmmq13u0ntyy,Crypto,tgdataset,4,public_db/folder_3/file_113_from_vivela_vida_to_vsramem.json
1223584354,World_News_Business_Crypto_Forex,World News Business Crypto Forex,Latest World News Business Cryptocurrecny Forex,False,False,21591,2229,2022-07-29,8,btc_change_bot iq_optionsignal joinchat/aaaaaeki_6glrilzwxkuwg joinchat/vuet3uxrbkac4nbi money_making_online money_online_earn moneyearntelegrambot workearningonline,Crypto,tgdataset,4,public_db/folder_3/file_116_from_wolfdogballsinc_to_XPOHOC_BPEMEHi.json
1097988869,www_Bitcoin_com,Bitcoin.com News,"Bitcoin.com is your premier source for everything Bitcoin related. We can help you buy bitcoins, choose a bitcoin wallet. You can also read the latest news, or engage with the community on our Bitcoin Forum. Bitcoin.com  is a commercial website.",False,False,34673,17234,2022-07-31,2,getverse verseupdates,Crypto,tgdataset,4,public_db/folder_3/file_116_from_wolfdogballsinc_to_XPOHOC_BPEMEHi.json
1337575016,TheTradeLog,TradeLog,TradeLog is a closed community of retail traders/investors learning personal finance to achieve financial independence.  🌐 thetradelog.com  ✉️Contact: @TradeLog_Tyche  @TradeLog_Tyche -Founder @TradeLog_Kirill -CEO  ©TradeLog [2019],False,False,3143,4918,2022-07-18,152,joinchat/aaaaaesxf7wko9nuiar11w thetradelog/1137 thetradelog/186 thetradelog/1913 thetradelog/2415 thetradelog/2442 thetradelog/2446 thetradelog/2452 thetradelog/2496 thetradelog/2505 thetradelog/2519 thetradelog/2536 thetradelog/2539 thetradelog/2541 thetradelog/2603 thetradelog/2627 thetradelog/2659 thetradelog/2676 thetradelog/2686 thetradelog/2697 thetradelog/2698 thetradelog/2702 thetradelog/2703 thetradelog/2709 thetradelog/2718 thetradelog/2720 thetradelog/2721 thetradelog/2723 thetradelog/2727 thetradelog/2731 thetradelog/2732 thetradelog/2733 thetradelog/2760 thetradelog/2765 thetradelog/2767 thetradelog/2799 thetradelog/2803 thetradelog/2818 thetradelog/2821 thetradelog/2833 thetradelog/2837 thetradelog/2842 thetradelog/2843 thetradelog/2859 thetradelog/2861 thetradelog/2884 thetradelog/2914 thetradelog/2922 thetradelog/2923 thetradelog/2946 thetradelog/2982 thetradelog/3006 thetradelog/3023 thetradelog/3037 thetradelog/3038 thetradelog/3039 thetradelog/3045 thetradelog/3054 thetradelog/3059 thetradelog/3060 thetradelog/3094 thetradelog/3098 thetradelog/3127 thetradelog/3135 thetradelog/3137 thetradelog/3138 thetradelog/3142 thetradelog/3159 thetradelog/3180 thetradelog/3188 thetradelog/3193 thetradelog/3205 thetradelog/3206 thetradelog/3236 thetradelog/3262 thetradelog/3269 thetradelog/3272 thetradelog/3275 thetradelog/3280 thetradelog/3296 thetradelog/3299 thetradelog/3300 thetradelog/3314 thetradelog/3347 thetradelog/3380 thetradelog/3409 thetradelog/3416 thetradelog/3418 thetradelog/3421 thetradelog/3562 thetradelog/3613 thetradelog/3623 thetradelog/3631 thetradelog/3645 thetradelog/3741 thetradelog/3743 thetradelog/3747 thetradelog/3889 thetradelog/4018 thetradelog/4019 thetradelog/4038 thetradelog/4065 thetradelog/4121 thetradelog/4234 thetradelog/4297 thetradelog/4305 thetradelog/4317 thetradelog/4329 thetradelog/4341 thetradelog/4342 thetradelog/4365 thetradelog/4368 thetradelog/4376 thetradelog/4383 thetradelog/4415 thetradelog/4417 thetradelog/4437 thetradelog/4444 thetradelog/4460 thetradelog/4474 thetradelog/4493 thetradelog/4494 thetradelog/4582 thetradelog/4654 thetradelog/4669 thetradelog/4672 thetradelog/4691 thetradelog/4705 thetradelog/4711 thetradelog/4721 thetradelog/4775 thetradelog/4781 thetradelog/4801 thetradelog/4834 thetradelog/4842 thetradelog/4856 thetradelog/4878 thetradelog/4879 thetradelog/4880 thetradelog/4881 thetradelog/4896 thetradelog/4979 thetradelog/5024 thetradelog/5034 thetradelog/5090 thetradelog/5112 thetradelog/5135 thetradelog/5500 thetradelog/96 tradelogdiscussion tradelogin wallstreetbetbackup,Crypto,tgdataset,4,public_db/folder_3/file_105_from_thesneaker_kingz_to_tinder.json
1124439666,thewsresearches,CS EM Economics Daily.pdf,,False,False,2096,2387,2018-12-31,0,,Crypto,tgdataset,4,public_db/folder_3/file_105_from_thesneaker_kingz_to_tinder.json
1297708697,the_hedger,Crypto Hedger,Follow us on Twitter: https://twitter.com/crypto__hedger  Premium Access: https://forms.gle/9MZca2uEgML6LK2q7  Contact: @cryptohedger_admin,False,False,104237,5415,2022-07-31,100,amazyio amazyio/112 amazyio/116 amazyio/118 amazyio/133 amazyio/85 amazyio_en amazyio_eu amazyio_news_ru amazyio_ru anomusio arata_project automaticnetwork blizzardyield chat2gather crypto_hedger cryptohedgerio cryptoranknews/6288 cryptorubic cryptorubic_chat daomaker_ann/1093 fanadisegrouptalk fire_announcements gamestarexchange guildfi idlecyber idlecyber_chat joinchat/bjbb5c3yalpjmjq1 joinchat/sfv8qqpsys7yynxw kucoin_exchange_new lightningprotocol locknessanouncement locknessofficial maticnetwork maticnetwork_announcements maticnetwork_announcements/1178 maticnetwork_announcements/1204 maticnetwork_announcements/1210 maticnetwork_announcements/1214 maticnetwork_announcements/1216 maticnetwork_announcements/1220 maticnetwork_announcements/1241 maticnetwork_announcements/1244 maticnetwork_announcements/1246 maticnetwork_announcements/1247 maticnetwork_announcements/1249 maticnetwork_announcements/1251 maticnetwork_announcements/1252 maticnetwork_announcements/1253 maticnetwork_announcements/1255 maticnetwork_announcements/1260 maticnetwork_announcements/1261 maticnetwork_announcements/1263 maticnetwork_announcements/1264 maticnetwork_announcements/1265 maticnetwork_announcements/1267 maticnetwork_announcements/1274 maticnetwork_announcements/1275 maticnetwork_announcements/1277 maticnetwork_announcements/1279 maticnetwork_announcements/1283 maticnetwork_announcements/1284 memoverse_io memoverse_io_chat mymessageann mymessageen officialfirechain polkacity polypad_airdrop_bot polypad_whitelist_bot polypadann polypadchat projectseed projectseedannouncements robinoscommunity seorbangladeshgroup seorgroup seorgroupturkey seorvietnam shushclub solcial solcial_announcements starly_chat starlynft starpunkglobal summonersarena summonersarena_ann tankwarszone tankwarszoneann the_hedger thebull_crypto unfolded unfolded/7832 unfolded/7945 valhallanft valhallanft_announcement wingswapann wingswapftm zamio_chat zappyannouncements,Crypto,tgdataset,4,public_db/folder_3/file_105_from_thesneaker_kingz_to_tinder.json
1233987754,ThriveNews,THRIVE™ Crypto News,"This channel provides Crypto News, VIP Results, Signals & Strategies for Cryptocurrencies.  Website: Thrive4Crypto.com Thrive Chat: @ThriveCrypto For VIP contact: @BitMEXKing or @Blim207",False,False,45,20407,2022-07-31,12,aad_official aadtoken_channel bashoswap bnb100x euroswap_io flickto glinkgroup kuna_official/807 nomi_swap spartacatsbot thewastedlands unchainfund,Crypto,tgdataset,4,public_db/folder_3/file_105_from_thesneaker_kingz_to_tinder.json
1136487855,Tidex_News,TIDEX.News,TIDEX is a safe and efficient cryptocurrency exchange.  *Low fees *Convenient API *24/7 support service *User-friendly interface  Tidex.com,False,False,2861,436,2022-07-29,29,+c_yuyho-xl40ztiy adapadann/95 addstickers/tidex bscpannouncements/1938 bscpannouncements/773 emaraldverse_ru emerald_verse ethpadannouncements/126 huobiglobalofficial polypad_ann/102 tidex_bangladech tidex_brazil tidex_china tidex_contest_bot tidex_india tidex_news tidex_news/364 tidex_news/516 tidex_news_official tidex_official tidex_official_ru tidex_philippines tidex_spain tidex_turkey tidex_uae tidex_ukraine tidex_vietnam tidex_whitelist velaspadann/144,Crypto,tgdataset,4,public_db/folder_3/file_105_from_thesneaker_kingz_to_tinder.json
1366316894,tpmerchant,FOREX COURSES,,False,False,609,325,2022-07-20,9,forexanonymous1 learnbtmm learnbtmm/108 learnbtmm/21 learnbtmm/35 realthcapitalfreesignalgroup tpmerchant tpmerchant/322 tpmerchant/384,Crypto,tgdataset,4,public_db/folder_3/file_107_from_totheleft_to_TRUMPWON45.json
1270071909,TradeCryptoNow,Trade Crypto Now,In this channel you will find: -Crypto News  -Fundamental Analysis  - Chart Analysis -Opinions on Altcoins & ICOs  Do not blind follow my signals without doing your own research!  Admin: @TradeAdmin  https://t.me/TradeCryptoNow,False,False,176805,2341,2022-07-31,125,+0kweomm4_efimtcy +get_bbt0bh8wnwy1 +gnw6igved-hmmjk0 +ixsqjfbwh2jhzdg0 +qzzflycxdunmztrk +vngpdske5_44nwfk affynofficial axaim_bot axaimlivetx bitcoin_crypto_memes bitcoin_crypto_signals bitcoin_ethereum_trading bitcoin_insights bitcoin_insights/1027 bitcoin_insights/861 bitcoin_insights/864 bitcoinexchangeguides bnbstart bqtcommunity bridge_oracle bridgeoracle burencycommunity buytranshumancoin ceekvrnews/292 celeritas celeritasps centric centricchat coinsbit_chat coinsbitrussian communitycalls crypto_bitcoin_trading_news crypto_channel_list/17 crypto_channel_list/19 crypto_channel_list/21 crypto_channel_list/23 crypto_channel_list/24 crypto_channel_list/26 crypto_channel_list/29 crypto_channel_list/30 crypto_cryptocurrency_news crypto_marcus crypto_news_feed crypto_publisher crypto_shortnews crypto_trading_reports crypto_trading_reports/594 crypto_world_news cryptocuechat cryptocurrency_inside cryptoknowmic cryptology_community cryptology_official cryptomarketingplatform cryptomarkettime cryptoworldanalysis cryptoworldicos cryptoworldmemes cryptoworldnews curate currencycom_news defiforyou_english dvision_network dvisionnetworkglobal fidometa fidometaairdropbot fidometaofficial firstderivative gramasia_ch hashbon_chat headlines_for_traders indexchain jarvis_labs joinchat/aaaaae2bol4-_myg3lry7g joinchat/aaaaaebkabv-h4jzx6kdlq joinchat/aaaaaewvkmlyzohhbsctrg joinchat/aaaaafbulmihgf6uqz4yta joinchat/aaaaafhyarysvoh5w3-j-g joinchat/aaaaafnnh4arx8qjrzluhg joinchat/aaaaafvx9gpqdq-4el4txq joinchat/kwz_uxqxky_40wmawcl6fg jurcommunity loantokenplatform midascaps mimodefi mones_ann monesairdrop_bot nucleusvision_ann oceanex_official oilclubofficialchat okexofficial_english ouroboros_lika_world phemex_en ploutofinance proanalysistrader qpayglobalnews quoinenews quorainnercircle satopay smartkeynews spheredefi superforecasters superforecasters/99 swapcoin_offical swapzilla swapzillachat titusai_bot torquelabs torquelabs/12308 torquelabsannouncements/12 torquelabsannouncements/19 tradecryptonow tradingfinance wavesama_bot wavescommunity whitewolf_pa xbtoptionsbot xbtoptionsdemo_bot xbtoptionsnews xbtoptionssupportbot ybrossfinance yfiexchange yieldbank yieldbankannouncements youhodler_official,Crypto,tgdataset,4,public_db/folder_3/file_107_from_totheleft_to_TRUMPWON45.json
1202196785,TradeLogIN,TradeLog India,"TradeLog is a closed community of traders/investors, learning personal finance to achieve financial independence.  📝Read Disclaimer: https://bit.ly/3ds7ozn  🌐 thetradelog.com  TradeLog Global: @TheTradeLog  @TradeLog_Tyche - Founder",False,False,1538,1972,2022-07-13,10,joinchat/aaaaaesxf7wko9nuiar11w joinchat/f0js3hl-5vmn4aozr6luww thetradelog tradelogin tradelogin/1063 tradelogin/1407 tradelogin/1456 tradelogin/1461 tradelogin/777 tradelogindiafeedback,Crypto,tgdataset,4,public_db/folder_3/file_107_from_totheleft_to_TRUMPWON45.json
1132361878,traderanalysis,Trader’s Analysis,Cryptocurrency & Stocks Analysis,False,False,5736,828,2022-03-29,7,aoraglobal binance_announcements/3091 bitmexsuper cryptoanalysistm cryptotestimonial joinchat/hkbube0-olb3spellsluoq theweissrating,Crypto,tgdataset,4,public_db/folder_3/file_107_from_totheleft_to_TRUMPWON45.json
1417425804,TraderMattM,,Sports betting and Trading info.  Myself and some private subscribers have been making some profit. We use low and affordable stakes/investments.  Thank you all!,False,False,8,19,2021-06-14,1,mmooremytrades,Crypto,tgdataset,4,public_db/folder_3/file_107_from_totheleft_to_TRUMPWON45.json
1330508015,tradersHubFreechat,Traders Hub free chat 📈,Need any support or got any question message @bazzafx,False,False,2281,544,2022-07-31,5,cmc_coin_1 joinchat/5lomwjwjsaiznwm0 polychainmonstersann sopfreesignals tradershubfreechat,Crypto,tgdataset,4,public_db/folder_3/file_107_from_totheleft_to_TRUMPWON45.json
1462696070,Tradingfxchannel,Trading FX,"TRADING FX  is the leading provider of Realtime Market news, Market analysis, Trade setup and ideas, Forex signals.  - Win Ratio 93%📊🔥  - Technical Analysis & Setups📉 📈  ❤️ Admin -@TradingFxRay",False,False,759,194,2022-03-07,1,trading_forex20,Crypto,tgdataset,4,public_db/folder_3/file_107_from_totheleft_to_TRUMPWON45.json
1143474883,tradingview,TradingView,"Look first, then leap. Welcome to the official TradingView Telegram channel!",False,True,51915,703,2022-07-28,2,addstickers/tradingviewstickers pinecoderssquawkbox,Crypto,tgdataset,4,public_db/folder_3/file_107_from_totheleft_to_TRUMPWON45.json
1229246248,transferaapp,,"Smart Online Banking - Send, receive and spend your traditional and digital money! 🔽 Get free UK Account now! https://transferaapp.com",False,False,511,18,2021-02-04,0,,Crypto,tgdataset,4,public_db/folder_3/file_107_from_totheleft_to_TRUMPWON45.json
1187712953,Tricky_crypto,Tricky crypto,#BCMC  🔥ONLY 100% LEGIT AIRDROPS 🔥  📲Ask if you need Promotion!! Telegram: @BCMCpromotion  https://bcmc555.pro/a/88ec8a02-0284-4fa1-bb1e-59e8ae98b42c,False,False,6835,163,2022-05-27,104,airdrop_naga_bot aizaworld aizaworldcommunity aizaworldquizbot archangel_airdropbot armstrongtoken attackwagonbot babyharechat babyharetoken bcmcairdrop4_bot bcmctelegram betnftairdropbot binemonambairdropbot bkearncashbot bubblefonground2airdropbot buckscake_bot cannumo cannumogroup cityofblockairdropbot coination coinone_airdropbot digiblechat drivecityairdrop2_bot dwarriornftround2airdropbot dxspotgroup/31683 dxspotgroup/44350 dxspotgroup/44819 dxspotgroup/45476 ekartinu elonflokidogeann elonflokidogechat enedex_ann enedex_official era7bot eshopairdrop_bot eshopairdropbot eshoptokengroup etopiaairdropbot etopiametaverse flourishingairdrop_bot flourishingcapital flourishingcapitalann gameboxairdropbot ggcchannel gopiggy gopiggyannouncement growguidecoin growguidecoinairdropbot heroarenaairdrop_bot hunterverseairdropbot huukglobalairdropbot ideaologyaidropbot koinomo latoken_airdrops_bot legendverse_official_channel legendverse_official_group lootprojectairdropbot luckydogeairdropbot luckyunicornglobal_airdropbot metadragnarok_official_channel metadragnarok_official_community metaharvest metaharvestmoon metaharvestmoon_bot monesairdrop_bot monstercity_bot moonstepairdrop_bot mrhbdefibot mucryptoairdrop_bot mucryptoannouncements mucryptoofficial piececake pikachuairdrop3_bot pikachuannouncements pikachucoingroup pushcommunity pushcommunityofficial quizdrop quizdrop/8417 quizdropchannel safemoonzillanewairdropbot shebolleth_chat shebollethbot shebollethcommunity soykinggameairdropbot spacemarvelairdropbot spectrainfinity_bot squwoof squwoof_bot squwoofofficial teaswapfinance tiger1_channel tiger1_offical tiger_one_airdrop_bot virviamall_bot virzop viva_airdrop_bot vivaofficialgroup walk2earnbot werewolfairdropbot whitex01/721 zoefinance zoefinanceairdrop_bot zoefinancechat,Crypto,tgdataset,4,public_db/folder_3/file_107_from_totheleft_to_TRUMPWON45.json
1130601949,TRONannouncements,The Intelligent Shitcoinestor,,False,False,1766,39,2022-05-12,0,,Crypto,tgdataset,4,public_db/folder_3/file_107_from_totheleft_to_TRUMPWON45.json
1321661799,TronTradeNews,TronTrade News,"News related to TronTrade, Trading and Tokens on the TRON network  Start trading: https://trontrade.io",False,False,1479,283,2022-06-14,12,bankrollnetwork beatzcoin1002413 betgalaxycasino/361329 blazeeconomy bridgeoracle c/1258554057 pandemicgames_en planetboom tron_family tronspaceadventure trontrade wink_org_official,Crypto,tgdataset,4,public_db/folder_3/file_107_from_totheleft_to_TRUMPWON45.json
1426549391,TroyTrade_Channel,TROY Announcements,"Troy Trade, derived from Troy Network, is a global prime broker specialized in crypto asset trading. We provide crypto brokerage services for institutional-grade capital and professional traders with revolutionary trading products.",False,False,1401,160,2020-09-08,7,celernetwork harmony_one joinchat/fergdehxikvddpki8q-jka troynetwork troytrade_official troytrade_turkey wanchainchat,Crypto,tgdataset,4,public_db/folder_3/file_107_from_totheleft_to_TRUMPWON45.json
1286374220,videocoinannouncements,Vivid Labs Announcements,"Decentralized Video Encoding, Storage, and CDN. Find out more at the official project website www.videocoin.io",False,False,406,433,2022-04-22,8,cryptodakuofficial cryptodakurobinhooders ethfinextelegram videocoin videocoinkorea videocointechnical videocoinv wolfcryptopub,Crypto,tgdataset,4,public_db/folder_3/file_112_from_VENX9_to_vivelazik.json
1170044057,viewbase,,Digital assets analytics · Blockchain and derivative analytics for traders · Official ViewBase channel  ·  ViewBase.com  · twitter.com/viewbasecom,False,False,1670,2623,2020-09-05,0,,Crypto,tgdataset,4,public_db/folder_3/file_112_from_VENX9_to_vivelazik.json
1426988588,VinDAXExchangeNews,VinDAX News,,False,False,4502,2304,2022-07-27,42,fiatum fiatum_bank finadax fiolanetwork/22 flytoken joinchat/aaaaafkvntf1adbf5sbg2a joinchat/twpvsbyce1nqx2ufrbmqza masterusd masterusdorg nexdax odexproject officialxlmg simpsonfinance simpsonfinanceann tenbillioncoin vindax vindax_exchange vindax_team vindaxarabic vindaxbrazil vindaxchinese vindaxexchangenews vindaxexchangenews/139 vindaxexchangenews/162 vindaxexchangenews/1678 vindaxexchangenews/2343 vindaxexchangenews/2366 vindaxexchangenews/268 vindaxexchangenews/2923 vindaxindia vindaxindonesian vindaxjapanese vindaxkorean vindaxmalaysia vindaxphilippine vindaxpolish vindaxrussian vindaxsingapore vindaxsupport vindaxthailand vindaxvenezuela yeafinace,Crypto,tgdataset,4,public_db/folder_3/file_112_from_VENX9_to_vivelazik.json
1379900824,vite_ann,Vite Announcements🏃‍♂️,Vite - A Next Generation High-performance Decentralized Application Platform Website: https://vite.org/ ViteX: https://vitex.net/,False,False,2328,944,2022-07-28,37,ankrnetwork binancespanish binancevietnamese btsecom cryptonetbiz dbcryptochat dune_network ferrum_network gainschat harmony_one hillrisecapitalchat joinchat/oxz5ru-1cblqdb1szf-mpg vite_africa vite_ann vite_arabic vite_bengali vite_en vite_filipino vite_french vite_german vite_indonesian vite_japanese vite_korean vite_malaysian vite_markets vite_portuguese vite_rewards vite_russia vite_russian vite_spanish vite_sri_lankan vite_thai vite_turkish vite_vietnamese vite_zh vitexexchange wazirx_discuss,Crypto,tgdataset,4,public_db/folder_3/file_112_from_VENX9_to_vivelazik.json
1183776058,vugustfx,VUGUST FOREX ACADEMY,,False,False,2120,9,2022-01-05,0,,Crypto,tgdataset,4,public_db/folder_3/file_114_from_vsratayatyan_to_weisstduschon.json
1429538933,VvanV,Hlunb,,False,False,244,1085,2022-07-31,105,agesabmyk ancientfeed antigates antinewsweek atmumra australiatimes awakenmovement bbcpost besttokennews binancedailynews bitcoininventors blackwhiteunite blockchainreport brunopuno capitolnews cardanoreport chicagoreporter cnnunmasked coinbasereport coinbasereport/545 cryptoartmuseum cryptopunksclub cryptosignalsmust ctbch daoautonomous democratsnews draintheswampnews elonmuskinfo ethereumdaily floridadaily foxnewsfeed goldtradenews govron greatawakeningchannel greatawakeningofficial hereisq inchnews iv jeffbridgemaker jerusalemtribune jesusamerica joebidendaily johnfkennedyjr keanureevesreal kingofbees libertyonlinenews metaverseaccount nftcollectorgroup nftfair nftreport nickszab nicolateslanews noahsprophecy northcarolinanews nostradamusinfo officialsatoshi officialsatoshi/4489 officialsatoshi/4837 officialtimes ohiodaily oklahomanews people4freedom politischekryptokunst professornews s/sbmkcoin sabmyk sabmyk/42 sabmyk/75 sabmykawakening sbmkchat sbmkcoin sbmkcoin/13 sbmkme sbmkme/132 sbmkme/134 sbmkme/16 sbmkme/172 sbmkme/185 sbmkme/187 sbmkme/192 sbmkme/197 sbmkme/68 sebastianbieniek shawunawaz shawunawaz/180 shawunawaz/182 shibainuinfo solanainfo stablecoinnews starseedchildren supernarrativ theantiguardian thecryptomeme theeconomynews theeuropenews thegreatawakening2 thegreatexodus theguardianonline thenewsweek therevolutionnow tuckercarlsonnews ufoofficial uspatriots vvanv wikiofficial,Crypto,tgdataset,4,public_db/folder_3/file_114_from_vsratayatyan_to_weisstduschon.json
1165306208,WalCafe_2,,Setup Kanal,False,False,101,125,2020-06-23,1,trading_evolution,Crypto,tgdataset,4,public_db/folder_3/file_114_from_vsratayatyan_to_weisstduschon.json
1180648345,walletsscan,WalletsScan,По вопросам о боте и о рекламе писать автору - @klkvr English version - @wallets_scan,False,False,3656,11133,2022-07-30,112,alphamindcapital bigonerussia c/1192115186 c/1363988084 c/1426984821 coinsbitrussian cryptoaml_bot cryptomoneyybot cryptoygolok equiteio equiteofficial evolution_bsc evorussian exclusivexup gotrade_telegram joinchat/-3bkn7uouyu4m2ey joinchat/0p56l05tnnnjymri joinchat/1lvrab30jue5zjay joinchat/7hgmonkbrws3ntey joinchat/aaaaae0gj8gz6xtugdrpzg joinchat/aaaaae0yfqesgjxnsutzlg joinchat/aaaaae5qao2n-5kd77a26a joinchat/aaaaae5srob32qemnqklbg joinchat/aaaaae61ity1oit336xrtq joinchat/aaaaae6tpfqy2qok47i71w joinchat/aaaaae89vkeynfa5mn0p4a joinchat/aaaaae9oglysona4ibelyq joinchat/aaaaae_p3ltqhefgfadtjw joinchat/aaaaaealzzkysz2woll8ja joinchat/aaaaaee1hl8xo_o3uytqhq joinchat/aaaaaeedg58horxxk4ei-q joinchat/aaaaaegpnul3l7jlfng4fa joinchat/aaaaaehro8sfqqmwwnthfq joinchat/aaaaaekdke8jml3nzqd6rw joinchat/aaaaaekraxnoynhec-vahw joinchat/aaaaaelm6je_nju1k67vyg joinchat/aaaaaem_aafl4luhmsieyq joinchat/aaaaaemabwwedqsljm_miw joinchat/aaaaaemjtt3ydddg2m6caa joinchat/aaaaaenbnmr2rc5doh6rsg joinchat/aaaaaenbnmr6kklssg05vq joinchat/aaaaaennpfk0cr-7otj4sg joinchat/aaaaaenpivs9uri3ylwnsa joinchat/aaaaaenqpqmkxqmfbtspla joinchat/aaaaaepohwi4s-pgcb60rq joinchat/aaaaaepohwj-ovebaifzrg joinchat/aaaaaera3jvyvuaaqkjbra joinchat/aaaaaerbuexphhjxrn90ua joinchat/aaaaaerkmtq05wjoiz73sq joinchat/aaaaaerrascgjjwxhebbpq joinchat/aaaaaesi2fz2-yinnlx4lg joinchat/aaaaaet9uy5bgarq2musrq joinchat/aaaaaevarfmuq7r7htpfha joinchat/aaaaaewqibyaool-fp3haq joinchat/aaaaaey_tha-v_pf3_k7ya joinchat/aaaaaeynlrqhfvjaaqhliw joinchat/aaaaaeynlrrqsstgunujma joinchat/aaaaaezegbmym_w228eela joinchat/aaaaafbs5237b7mshh23nw joinchat/aaaaafcb899habsyjgdpog joinchat/aaaaafcco0wgayim5q3qkq joinchat/aaaaaff8isksnpabiv3jwa joinchat/aaaaaffmzntv7tuiusafsq joinchat/aaaaafh4ameuqqwp8zhktw joinchat/aaaaafhhrfigffx1zqm4va joinchat/aaaaafhicnlsktg-sbyqyg joinchat/aaaaafhicnlsktg-sbyqyg__ joinchat/aaaaafhs5dttdy6xdohgeg joinchat/aaaaafkrdyb8tsi1_zpqhg joinchat/aaaaafku8_b-zs0rma4e6g joinchat/aaaaaflouxrhwlu8ryc3ow joinchat/aaaaaflshfzv5z7yxmctrw joinchat/aaaaafmzi8ojv2xjjrcyow joinchat/aaaaafndva0qxi3eyxez8a joinchat/aaaaafqzmfrzktvflrubpq joinchat/aaaaafrrurbvn7d8r_s-fw joinchat/aaaaafsqgcfzkrnozyqeka joinchat/aaaaaftbkmqlbxjf3ftn4q joinchat/aaaaaftmr-_iu76-xl4ngw joinchat/aaaaafuod3wrttkqt6zyla joinchat/aaaaafvmsgmfbm4gwptfeg joinchat/ahuaw4o3yuexy2uy joinchat/buzu4bhmjbo2yjbi joinchat/efxzyrqxr7gzm2e6 joinchat/fnhfv0n0o4uwrgdmt3mi1q joinchat/k67slvtbjjg2mdy1 joinchat/sw0blrbdjuic1n9k joinchat/t7lv0gthwwrjdmcb joinchat/tmxe5p_zjxl48dhs joinchat/u2ddll-ejbjq-k_w joinchat/udfz0tmhlxkymtuy joinchat/upypz7uz8gs3mdbi kingworldxxtradeoffical kngchat koenigprotocol minter_pro mrarwtrading playcentglobal polarschat prizecrypto rabota_online_games rmnvtrade stonefortress timexioru timexioruchat topcryptoracing walletsscan walletsscan/4174 walletsscan/6046 walletsscan/806 wowsummitdubai xtrade_community/1290,Crypto,tgdataset,4,public_db/folder_3/file_114_from_vsratayatyan_to_weisstduschon.json
1374910343,wallets_scan,WalletsScan (World),Questions about the bot and advertising - @klkvr                                                               Russian version - @walletsscan,False,False,1552,11241,2022-07-30,14,coinsbitrussian equiteio joinchat/aaaaafcco0wgayim5q3qkq joinchat/aaaaaftmr-_iu76-xl4ngw joinchat/k67slvtbjjg2mdy1 official_mbylab scaleswap scaleswapann stonefortress tcrdraw_bot topcryptoracing wallets_scan/2585 xtrade_community/1290 yong9205,Crypto,tgdataset,4,public_db/folder_3/file_114_from_vsratayatyan_to_weisstduschon.json
1472595250,walletw,Crypto Wallet & Crypto Card World 🔥💵🤖,Channel dedicated solely to crypto wallets and crypto cards  Crypto news: @CryptoSentinel,False,False,35,277,2022-07-07,11,btc_change_bot cryptoscamchat/63925 eth_change_bot f_s_c_p/82333 ftsec/4688 icomuzhik/3256 icomuzhik/3790 ltc_change_bot mycitadel scam_binance trust_announcements/304,Crypto,tgdataset,4,public_db/folder_3/file_114_from_vsratayatyan_to_weisstduschon.json
1327365029,WalletWatchAlerts,Wallet Watch Alerts,Big Crypto Wallet Alerting,False,False,317,998,2019-08-10,4,bitcoinbravado/1130 walletwatchalerts/51 walletwatchalerts/90 walletwatchalerts/91,Crypto,tgdataset,4,public_db/folder_3/file_114_from_vsratayatyan_to_weisstduschon.json
1264323353,wallstreetbetsannouncements,[ANN] WallStreetBets 💎🙌🏻,"[ANN] channel for @WallStreetBets  Disclaimer: nothing said by the adminstrators should be contrued as financial advice, do your own DD/research.",False,False,15422,210,2022-01-20,8,br34p_chat bscstarter bscstarter_announcements crypto_tweets leverj unirocket_wsb wallstreetbets wallstreetbets/926793,Crypto,tgdataset,4,public_db/folder_3/file_114_from_vsratayatyan_to_weisstduschon.json
1430657641,WallStreetBetsReddit,WallStreet Bets,"A clone of WallStreetBets subreddit.  No more, no less",False,False,22004,36119,2022-07-31,0,,Crypto,tgdataset,4,public_db/folder_3/file_114_from_vsratayatyan_to_weisstduschon.json
1474665256,WallStreetSilver,Wall Street Silver,"We are a community that loves Silver, Period.",False,False,9513,1900,2022-07-31,4,familyman20181 joinchat/7ei0n96u98m0mzux wallstreetsilver wallstreetsilverchat,Crypto,tgdataset,4,public_db/folder_3/file_114_from_vsratayatyan_to_weisstduschon.json
1124408568,WanchainANN,WanchainANN - Wanchain.org Announcements Channel,The Official Wanchain.org Announcements Channel.  Please join our official chat as well: https://t.me/WanchainCHAT,False,False,9311,972,2022-07-31,9,binancefrench bitmaxioenglishofficial interoperability_alliance joinchat/en3qhlk5cwrouj9q4gzmhw kriptobi pentosh1 wanchainann wanchainchat xrpmeetswanchain,Crypto,tgdataset,4,public_db/folder_3/file_114_from_vsratayatyan_to_weisstduschon.json
1226690440,wavesenterprise,Waves Enterprise: news,Versatile blockchain solution for corporate and public sectors  Discussions: https://t.me/wavesenterprisegroup,False,False,2416,162,2022-07-08,8,bondappetit/5 east_finance kucoin_ama lbank_en lbanknews puzzleswapcontests/184 wavesenterprise wavesenterprisegroup,Crypto,tgdataset,4,public_db/folder_3/file_114_from_vsratayatyan_to_weisstduschon.json
1050702615,wavesnews,Waves 🌊 (1 ➝ 2),"Waves is a community‑based stack of decentralized open‑source technologies to build scalable, user‑friendly apps.  Website: https://waves.tech/",False,False,21253,2285,2022-07-25,72,aboutwaves absolutelysasha amaloversclub cryptoizindonesia cryptoresearch cryptovipsignalta curvefi duckshunters duckshunters/53089 gateio gravity_protocol horizoncz huobiglobalofficial huobingn ico_drop indowavesnode iv joinchat/aaaaael4d10ts3wsyqo8sw joinchat/mcf3qtizugnjyjmy kucoin_ama mxcbrazil mxcenglish mxcfilipino neutrino_group orionprotocol panteragroup panteragroup/7393865 paytomatofficialchannel puzzleswap rewardmobinc safehavenio starta_ico sukuecosystem swopfibot swopfisupport tokenomicamt tradingene_channel_en vote waves_arabic waves_exchange_bot waves_indonesia waves_japan waves_korea waves_latam waves_ride_dapps_dev waves_turkey waves_vietnam wavesafrica wavesama_bot wavesbrasil wavesbrasiloficial waveschina wavescommunities wavescommunity wavescommunity/172199 wavescommunityru wavesde wavesenterprisegroup wavesexchange wavesexchange_announcements/236 wavesexchange_announcements/440 wavesitalia waveskr waveslabchat waveslive wavesnews wavesnews/2117 wavesofficial wavesseabattle wavestvlbot wavestwitter zrcoin_ico,Crypto,tgdataset,4,public_db/folder_3/file_114_from_vsratayatyan_to_weisstduschon.json
1327215255,wazirx,WazirX Announcements,The official announcement channel of WazirX - Building India's most trusted Bitcoin & Cryptocurrency exchange,False,True,252364,2247,2022-07-27,11,wazirx/1876 wazirx/2077 wazirx/2165 wazirx/2240 wazirx/2328 wazirx/2355 wazirx/2370 wazirx/2428 wazirx/2440 wazirx_discuss wazirx_discuss/7337459,Crypto,tgdataset,4,public_db/folder_3/file_114_from_vsratayatyan_to_weisstduschon.json
1261074486,WCSECHANNEL,WCSE Trading Hub 🎯,Welcome to the Official Channel of WCSE Research & Analysis.  Talk Zone: @wcsetalks  Channels: @wcsefxchannel  Feedback— @wcsefeedback Results— @wcseresult  ONLY PAY TO @WESLAD   VIP Services: - @weslad & @rianmayhs  @WESLAD with full capital letters.,False,False,23328,9788,2022-07-31,249,+jfvit-hgftdlmzk0 +sjk1ggdlvd0xnmvk alphatradezone binance_announcements/3804 cornix_trading_bot joinchat/aaaaaeladqdktsqinci2xw joinchat/aaaaafysukm8tobygjipya joinchat/au2qxs-nhpy5njq1 joinchat/xedq_qbsfpy2zdrl wcsearab wcsechannei wcsechannel wcsechannel/12599 wcsechannel/12601 wcsechannel/12653 wcsechannel/12654 wcsechannel/12661 wcsechannel/12673 wcsechannel/12679 wcsechannel/12708 wcsechannel/12709 wcsechannel/12774 wcsechannel/12777 wcsechannel/12780 wcsechannel/12789 wcsechannel/12811 wcsechannel/12835 wcsechannel/12842 wcsechannel/12845 wcsechannel/12846 wcsechannel/12851 wcsechannel/12906 wcsechannel/12907 wcsechannel/12908 wcsechannel/12909 wcsechannel/12929 wcsechannel/12930 wcsechannel/12933 wcsechannel/17121 wcsechannel/17138 wcsechannel/17140 wcsechannel/17141 wcsechannel/17142 wcsechannel/17143 wcsechannel/17144 wcsechannel/17145 wcsechannel/17146 wcsechannel/17149 wcsechannel/17150 wcsechannel/17152 wcsechannel/17153 wcsechannel/17155 wcsechannel/17159 wcsechannel/17161 wcsechannel/17162 wcsechannel/17163 wcsechannel/17164 wcsechannel/17165 wcsechannel/17169 wcsechannel/17170 wcsechannel/17174 wcsechannel/17185 wcsechannel/17187 wcsechannel/17189 wcsechannel/17190 wcsechannel/17191 wcsechannel/17198 wcsechannel/17212 wcsechannel/20032 wcsechannel/20033 wcsechannel/20034 wcsechannel/20035 wcsechannel/20036 wcsechannel/20037 wcsechannel/20040 wcsechannel/20041 wcsechannel/20043 wcsechannel/20045 wcsechannel/20046 wcsechannel/20047 wcsechannel/20048 wcsechannel/20053 wcsechannel/20055 wcsechannel/20069 wcsechannel/20075 wcsechannel/20077 wcsechannel/20116 wcsechannel/20117 wcsechannel/22482 wcsechannel/22483 wcsechannel/22484 wcsechannel/22486 wcsechannel/22487 wcsechannel/22488 wcsechannel/22489 wcsechannel/22493 wcsechannel/22494 wcsechannel/22495 wcsechannel/22498 wcsechannel/22499 wcsechannel/22501 wcsechannel/22502 wcsechannel/22505 wcsechannel/22507 wcsechannel/22508 wcsechannel/22509 wcsechannel/22511 wcsechannel/22512 wcsechannel/22536 wcsechannel/22537 wcsechannel/22539 wcsechannel/22542 wcsechannel/22545 wcsechannel/22546 wcsechannel/22559 wcsechannel/22560 wcsechannel/22568 wcsechannel/22570 wcsechannel/22706 wcsechannel/23398 wcsechannel/23399 wcsechannel/23403 wcsechannel/23404 wcsechannel/23405 wcsechannel/23406 wcsechannel/23410 wcsechannel/23411 wcsechannel/23414 wcsechannel/23417 wcsechannel/23420 wcsechannel/23425 wcsechannel/23426 wcsechannel/23437 wcsechannel/23438 wcsechannel/23446 wcsefeedback wcsefuture wcsefxchannel wcsefxtalks wcseokex wcsepayment wcserussia wcsetalks wcsetalks/567402 wcsetalks/567403 wcsetalks/567404 wcsetalks/567405 wcsetalks/567406 wcsetalks/567407 wcsetalks/567416 wcsetalks/567417 wcsetalks/567418 wcsetalks/567419 wcsetalks/567420 wcsetalks/567421 wcsetalks/567422 wcsetalks/567423 wcsetalks/567424 wcsetalks/567425 wcsetalks/567427 wcsetalks/567428 wcsetalks/567430 wcsetalks/567432 wcsetalks/569835 wcsetalks/569848 wcsetalks/569849 wcsetalks/569850 wcsetalks/569880 wcsetalks/569898 wcsetalks/571197 wcsetalks/571198 wcsetalks/571199 wcsetalks/571200 wcsetalks/571201 wcsetalks/571202 wcsetalks/571203 wcsetalks/571204 wcsetalks/571205 wcsetalks/571206 wcsetalks/571207 wcsetalks/571208 wcsetalks/571209 wcsetalks/571210 wcsetalks/571211 wcsetalks/571212 wcsetalks/571213 wcsetalks/571214 wcsetalks/571215 wcsetalks/571216 wcsetalks/572935 wcsetalks/572937 wcsetalks/572938 wcsetalks/572939 wcsetalks/572940 wcsetalks/572941 wcsetalks/572942 wcsetalks/572943 wcsetalks/572944 wcsetalks/572945 wcsetalks/572946 wcsetalks/572947 wcsetalks/572948 wcsetalks/572949 wcsetalks/572950 wcsetalks/572951 wcsetalks/572952 wcsetalks/573497 wcsetalks/573498 wcsetalks/573499 wcsetalks/573500 wcsetalks/573501 wcsetalks/573502 wcsetalks/573503 wcsetalks/573504 wcsetalks/573505 wcsetalks/573506 wcsetalks/573507 wcsetalks/573509 wcsetalks/573510 wcsetalks/573511 wcsetalks/573512 wcsetalks/573513 wcsetalks/573514 wcsetalks/573515 wcsetalks/573516 wcsetalks/573517 wcsetalks/573518 wcsetalks/573519 wcsetalks/573520 wcsetalks/573521 wcsetalks/573523 wcsetalks/573525 wcsetalks/573526 wcsetalks/573528 wcsetalks/573529 wcsetalks/573530 wcsetalks/573531 wcsetalks/573532 wcsetalks/573533 wcsetalks/573534 wcsetalks/573535 wcsetalks/573536 wcsetalks/573537 wcsetalks/573538 wcsetalks/573539 wcsetalks/573540 wcsetalks/604541 wesiad weslad,Crypto,tgdataset,4,public_db/folder_3/file_114_from_vsratayatyan_to_weisstduschon.json
1124303210,wealthcreator7,Wealthcreator,"I'm not a SEBI registered advisor,the information provided by me is for educational purposes only.You are responsible for all investment decisions,please note that I do not provide any tips/stock suggestion.all is education purpose",False,False,27207,2363,2022-07-31,1,wealthcreator7/28740,Crypto,tgdataset,4,public_db/folder_3/file_114_from_vsratayatyan_to_weisstduschon.json
1333303289,WeChatEssence,微信搬运工,本频道两个目的，1. 丰富电报上的中文内容（不可否认还是有很多非政治的优质内容在微信公众号里），2. 有些微信的内容分享了之后就和谐了，本频道可以做个备份。试运营中，欢迎订阅。  目前对于超长文章（超过三万字的）只能发前一部分，剩余内容请参阅原文链接。  特别声明：转发不代表支持，完全是机器人处理。   友情频道：蛋挞报 @pincongessence,False,False,10396,6869,2022-07-31,12,c413128412 c413128412/48 cybergraveyardcn/1781 cybergraveyardcn/4600 fahdsjkfhasjk_bot feedback4channel/159 feedback4channel/258 fusir/319 ncov2019 tnews365/18289 web_record/10980 wechatessence/2221,Crypto,tgdataset,4,public_db/folder_3/file_114_from_vsratayatyan_to_weisstduschon.json
1145462707,whalebotalerts,WhaleBot Alerts 🐳,"The official @CryptoWhaleBot channel for crypto and bitcoin price action, social media analytics, news, and more!  Liquidations: @WhaleBotRektd  Alt Monitor:@WhaleBotPumps  Chat: @CryptoAquarium  dev: @icebergy",False,False,91626,9991,2021-02-13,2,addstickers/cryptowhalebot unfolded/10147,Crypto,tgdataset,4,public_db/folder_3/file_115_from_weit_blick_to_WOLFDAKSH.json
1493950470,whalelive,🐳Whale Live🐳,cc @AltSignals  BitMex/Bybit/Binance Long short rekts Buy sell data Bitmex 5m+ Binance 2m+ ByBit 2m+ Grouping of orders too Example  40x100k 15s< = 4m 4x1m 15s< = 4m Also hourly data  Enjoy fellas,False,False,1717,9997,2021-11-03,0,,Crypto,tgdataset,4,public_db/folder_3/file_115_from_weit_blick_to_WOLFDAKSH.json
1285840493,WhalePump,WhalePump Reborn: Best Signals! (100% FREE),"BEST CHANNEL EVER, PERIOD.  Everyone makes money here! 😍 Signals are traded at your own risk.  ALWAYS stack sats! Never stop! USE: www.Relai.ch with code REL13218 for reduced fees! Easy way to get rich!  Contact us via Facebook.",False,False,13288,5050,2022-07-30,5,whalepump whalepump/698 whalepump/725 whalepumpdefi whalepumpdefi/10,Crypto,tgdataset,4,public_db/folder_3/file_115_from_weit_blick_to_WOLFDAKSH.json
1274095237,whalescryptovip,Crypto Signals ©,PAID ADS : @Vipsiganls,False,False,266179,3459,2022-07-30,14,cornix_trading_bot joinchat/5gpfuby6zmfizmm5 joinchat/_jgpebnu1cjhztux joinchat/du5zgksdqxg2y2yx joinchat/k6bofyxn1inkzjex joinchat/ljolagzedos4zwvh joinchat/s6utfsz2ff1tg9vn joinchat/vbamyr0fjloxyzhh joinchat/zng0relh0wkwzmrh whalescryptovip/5489 whalescryptovip/6928 whalescryptovip/9618 whalescryptovip/9800 whalescryptovip/9823,Crypto,tgdataset,4,public_db/folder_3/file_115_from_weit_blick_to_WOLFDAKSH.json
1288385100,Whalesguide,Whales Crypto Guide,This channel aims to provide the most profitable signals about crypto  Twitter link  https://twitter.com/Whalesofcrypto  Do trading and investment at your own risk #DYOR We are not responsible for any further loss.   Contact for VIP inquiry  @Whalescrypto,False,False,253941,9032,2022-07-31,30,adadao_org bitshibatoken coingape cryptotodaycom/24 freecryptosignalsmg graincontinental guac_official joinchat/aaaaaewh02slolkht7tmxq joinchat/aaaaaewh02sn_wvamm5p4q joinchat/goaq5uel_6rxpvhfptlgya joinchat/jyr30eel_6t2ua9ezutimw joinchat/mtx_1ui_egqbiwi3ksqisg joinchat/pjj8mhia1kqsrhak-xbp1w locknessanouncement locknessofficial mymessageen nwc_public taxi_finance_chat thebull_crypto turkeycoach unilysis unilysischat whalescryptoguidebackup whalescryptos whalescryptos/325655 whalesguide whalesguide/15161 zelaapayae zpaearabia zpaeindia,Crypto,tgdataset,4,public_db/folder_3/file_115_from_weit_blick_to_WOLFDAKSH.json
1127580919,WhaleSniper,Whale Sniper,Get notified when Binance assets get unusual amount of buy/sell activity.   Support chat: @XypherTalk Get premium version at Xypher.io,False,False,88408,13714,2022-07-31,16,+2rg6qdkxwfuxmmi1 +as60uthx_7jhyjm1 +ghs1syfhqeoynmrk +go3ikftmms9hnwjl +hobwlb6gxu85mtux +ls1mzeaahjy0owu1 +nqwnnkh6ii0zyzjk +rca8ghvqdes5mjc1 +tiz0lop9eeo4zty1 +vx6uom_ajf0yzdq1 +wedt2jdm2ja4mdi1 +y7zybtpg99u3mmrl joinchat/u5it5larqkm3ngjl joinchat/ye05xzwdf6iznjy1 solice_io solice_io_chat,Crypto,tgdataset,4,public_db/folder_3/file_115_from_weit_blick_to_WOLFDAKSH.json
1314221782,WhaleTracker,🐳 𝐖𝐇𝐀𝐋𝐄𝐓𝐑𝐀𝐂𝐊𝐄𝐑 👀,A smart Bot that sends a Realtime (Price/Volume) alerts about important and unusual Binance markets changes.  Chat: @Whale_Tracker Bot: @WTask_Bot   For business inquires : @yousefalmubarak,False,False,29190,10000,2022-02-18,14,+1_vc3ft_2zczztbk +7dto1kijv143nme0 +9ggx2zkrbnxln2m8 +_ohy8zs_ox5kzwy0 +asolg7iw0ow2nzi0 +cu7cu6zv9s5lmjg0 +ehu7b2xwj7lkyjjk +emfajxa6zee1mtg0 +nxzyogaozle4zme8 +xp99sxwmrkuxnti0 cryptoprofitcoachchatbox joinchat/uzqa0hwplqe4xwlr whaletracker wonderful_futures/4422,Crypto,tgdataset,4,public_db/folder_3/file_115_from_weit_blick_to_WOLFDAKSH.json
1322547083,whale_alert,Whale Alert,"Live tracking of large crypto transactions from and to exchanges and tether creations. Shows alerts for: #BTC, #ETH, #USDt, and top 100 #ERC20 tokens  Mirrors tweets from: https://twitter.com/whale_alert",False,False,12239,10000,2020-03-11,0,,Crypto,tgdataset,4,public_db/folder_3/file_115_from_weit_blick_to_WOLFDAKSH.json
1309043988,whale_alert_io,Whale Alert,The most advanced #blockchain tracker and analytics system reporting large and interesting transactions as they happen. All data available through our API.,False,False,76973,9999,2021-02-14,0,,Crypto,tgdataset,4,public_db/folder_3/file_115_from_weit_blick_to_WOLFDAKSH.json
1353096619,WolfCryptoAnnounce,Wolf Crypto News,Wolf Crypto News  Join Our Public Telegram Chat Here -  https://t.me/WolfCryptoPub,False,False,10211,4151,2021-12-12,152,aegisen alephim amazix amazix/35072 amazix/35114 ampleforth anrkeyxofficial apyfinancechat apyfinancetraders atonomi_announcements/16 bannedbearcalls beamprivacy beyondfinanceglobal bitmaxioenglishofficial/317899 blockcloudteam boltglobal bondedfinance bridge_mutual bscdottoolschat chads_vc charli3official chiliz_io chromapolisbychromaway chromawayofficialgroup cognida coldstackio convergencefinanceofficial cotinetwork creditscom cryptodakuofficial cryptodakurobinhooders cubiexesports cviofficial dadichat daoventures davecoinddtg decentrnet definer definity_community defire_community defitools_trending deltaexchat dorafactory drep_foundation_announcements/152 duonetwork easyfinetwork electrifyasia eloncity essentia_one ethernitychain exposingsparkster fabric_token fantom_english fantomfoundation foamspace fractal_protocol frontierdotxyz frontierdotxyz_chat fuseio gathernetwork genshardschat geroprice gerowallet go_chain hapihf interoperability_alliance iv ivangbi_diary/516 joinchat/aaaaaenhpujshk7jzx6gzg joinchat/f8rh2kpmfcna-ighbkscaa joinchat/tb3iahumzsyfspxhewqlvw joininjective kalmar_io kattana_trade kirainterex litionenergy ltonetwork luaswap mafianetwork mahadao makerdaoofficial maskbook_group maticpad maticpad_bot maticpadann mobiepaycommunity mxcfoundation nftify_ann nftify_official nsurenet occamfi oceanprotocol_community oiler_official oin_finance_eng originprotocol orionprotocol oysternews/146 payfair persistenceonechat plotx_official policypalnetworkbot polkafoundry polkaswap publicmint rampdefiofficial reservecurrency rif_os_community scallop_announcements scallop_official sci_finance seeleann shuttleone sigma_dex skrumble staratlasgame superfarmdao tefood tenzorum tidalglobal tokoinglobal tomochainchannel/188 ultra_io uniquechain unmarshal_ann unmarshal_announcements unmarshal_chat unnfinance unrealannouncements unrealfinance vantanetwork verifyas verifyas_ann videocoin virtue_poker wanchainann/78 whalereviews whaletracker_bot wolfcryptoannounce/1563 wolfcryptoannounce/1730 wolfcryptoannounce/2471 wolfcryptoannounce/2501 wolfcryptoannounce/2532 wolfcryptoannounce/2568 wolfcryptoannounce/2910 wolfcryptopub wolfcryptopub/214333 womprotocolchat wootrade xdaistable xfutures yfiifinance zeroswap,Crypto,tgdataset,4,public_db/folder_3/file_115_from_weit_blick_to_WOLFDAKSH.json
1388626151,,[REDACTED] Crypto 🌞,Our goal is to maximize your ROI and get rich off of ref links,False,False,104,1016,2021-05-07,12,animepumps bounty0x caratzchat careth_bot comfysignals iotchain joinchat/aaaaaflewodlc9yyajt4kq joinchat/aaaaaflewofulhgla4tn_a joinchat/g_rpfa-4gcw2poiupvtl_q redactedsballads serialexperimentsabe skycoin,Crypto,tgdataset,4,public_db/folder_3/file_120_from_ZiyovuddinRahim_to___without_username__.json
1132527234,tunezalpha,tunez alpha,Welcome to the FUTURE.   *start at pinned tweet*  enjoy! dm @cryptunez,False,False,6387,5847,2022-07-29,9,dogecoin_army emperorbtcta joinchat/t5-lpfhbxh82ywqx krismacrypto nftplays rektproof synapsepricetalk tunezsuperalpha vineprotocolbot,Crypto,tgdataset,4,public_db/folder_3/file_108_from_Trumpworld_to_t_21Wire.json
1213300182,twocommafastlane,,Please read pinned message.  Information published here is not a financial advice. Do your own research before investing and invest only as much as you're willing to lose.,False,False,907,377,2020-12-25,2,joinchat/ckl5ybdzyvtsgzu6jvy6sa twocommafastlane,Crypto,tgdataset,4,public_db/folder_3/file_108_from_Trumpworld_to_t_21Wire.json
1462526263,VanomForex,|VANOM FOREX|,-Fundamentals- -1/2 Signals- -Technicals-  Admin: @VANOMKID WhatsApp: +27789273586,False,False,27,3,2019-10-31,0,,Crypto,tgdataset,4,public_db/folder_3/file_111_from_uzbunyodkor_to_venuuus27.json
1340151382,venture_tg,Venture Capital,"Blog about Silicon Valley, startups and investments  Buy Ads: @TS_Adv or https://telega.io/c/venture_tg",False,False,11663,554,2022-07-31,11,+sotutqnhc182n2y6 joinchat/jolq6sybazayzjuy nft_metaverses nft_redlist price_eng price_eng2 toncoin waktrx waktrx_vip56 work_remotely writer,Crypto,tgdataset,4,public_db/folder_3/file_111_from_uzbunyodkor_to_venuuus27.json
1300057087,ZeroSwap_ANN,ZeroSwap Official Announcements 🔁,"ZeroSwap is a MultiChain Protocol with Liquidity Mining, DEX Aggregation and DeFi Token Offering. Trade at Zero Fee and with Gasless Transactions.",False,False,15634,754,2022-07-27,105,acknoledger acknoledgercommunity amaroom amaroomnews/141 amaroomnews/205 anypad_chat anypadofficial aspenlabs bitmaxioenglishofficial bullperks_official cannumogroup carbongemstoken cfl365 cfl365finance chilliswap covalenthqann crazy2casino cropfi cropfinanceio cryptodakurobinhooders daoland defi_wizard defi_wizard_ann defi_wizard_ann/124 elrondnetwork enexspace enexspacechat equalizerflash etermonannouncement finminityofficial fliporhodlchat frontierdotxyz_chat infomatix kucoin_exchange kucoinrussianofficial legionnetworkcommunity marhabadefi_ann marhabadefi_russia marhabadefitr mdf_arabic mdf_official mrhbdefi_persian mrhbdefi_urdu_hindi mxcenglish mxcofficialnews mxcofficialnews/2261 newsbsc oddz_fi_announcements oddz_finance oropocket pangolindex polkally polkallynews polkallynews/101 polkallynews/104 polysports polysportsann pontoon_announcements pontoon_fi prostarter prot_ann rage_fan satoshi_club satoshicityofficial spykefastofficial tradestarsok trodl unilendfinance unmarshal_chat vabble vabbleannouncements/35 wolfcryptopub workquest workquestchat youclout youcloutann zee_trades zeroswap zeroswap_ann zeroswap_ann/103 zeroswap_ann/111 zeroswap_ann/112 zeroswap_ann/116 zeroswap_ann/403 zeroswap_ann/414 zeroswap_ann/435 zeroswap_ann/463 zeroswap_ann/516 zeroswap_ann/574 zeroswap_ann/581 zeroswap_ann/582 zeroswap_ann/583 zeroswap_ann/628 zeroswap_ann/635 zeroswap_ann/647 zeroswap_ann/650 zeroswap_ann/664 zeroswap_ann/665 zeroswap_ann/666 zeroswap_ann/668 zeroswapann zeroswapkorea zeroswaprussia zeroswapvn zeroswapvn_ann,Crypto,tgdataset,4,public_db/folder_3/file_119_from_zakuliska_to_Ziyouzkanali.json
1303575202,zettt_trading,Zettt's Trading Journal,"Zettt is my name. Read the thoughts of a hobbyist trader. I've been in crypto since 2016. I'm partial algorithmic, and discretionary trader. I develop and test different strategies here too. Stay here to read how I'm struggling.",False,False,73,3543,2022-07-22,28,forexscanner100eyes joe_saz_tokenbot_trades joinchat/bqnlcbou4zyjbrqnywxuyg official_100eyes_bot thetradelog thetradelog/2859 thetradelog/2861 thetradelog/2914 thetradelog/2923 thetradelog/2982 thetradelog/3006 thetradelog/3023 thetradelog/3059 thetradelog/3127 thetradelog/3135 thetradelog/3159 thetradelog/3180 thetradelog/3188 thetradelog/3193 thetradelog/3206 thetradelog/3236 thetradelog/3262 vote zettt_trading zettt_trading/1426 zettt_trading/1452 zettt_trading/235 zettt_trading/848,Crypto,tgdataset,4,public_db/folder_3/file_119_from_zakuliska_to_Ziyouzkanali.json
1231634137,zilliqa,Zilliqa Announcement,Official Zilliqa Announcement Channel,False,False,12834,684,2022-07-30,19,akoinio bitbns cryptocoinscoach cryptoslatenews cryptovipsignalta houseofchimera houseofchimerachat ignitedao officialelectroneum unstoppabledomains xcademy zilflip zillacracy zillacracynotifications zilliqa zilliqachat zilliqanft zilliqawalletbot zilswapcommunity,Crypto,tgdataset,4,public_db/folder_3/file_119_from_zakuliska_to_Ziyouzkanali.json
1186086752,updatejago,High Gold,,False,False,286,85,2022-07-30,1,updatejago,Crypto,tgdataset,4,public_db/folder_3/file_110_from_United_Patriots_to_uzbtextile_com.json
1076028572,uppsalafoundation,Sentinel Protocol Announcement,An official radio broadcasting for public announcement,False,False,898,207,2019-09-24,7,bluzelle newofficialsentinelprotocol sentinelprotocol sentinelprotocolchn sentinelprotocoljpn sentinelprotocolkor uppsalafoundation,Crypto,tgdataset,4,public_db/folder_3/file_110_from_United_Patriots_to_uzbtextile_com.json
1170897467,usdzarkings,Usdzar kings group 👑,Making profit on the easiest pair #USDZAR Every single trading robot you can think of is here FREE FOREX SIGNALS and SETUPS *CRypto setups and signals *chart analysis and guidance *RR STRATEGY Check shared media for all content JOIN NOW b4 it disappears,False,False,27192,7116,2022-07-31,4,joinchat/elgyykozgfeq1h1o51jerw joinchat/elgyykozgffbbwpnekwafq joinchat/elgyykozgffr0ctlyxfasq usdzarkings,Crypto,tgdataset,4,public_db/folder_3/file_110_from_United_Patriots_to_uzbtextile_com.json
1173533628,utoday_en,U°Today,"U°Today covers the crypto industry and community, Blockchain, fintech and AI. We run price forecasts, analyses, opinion columns, expert’s blogs, interviews and features. We are open to exchanging opinions with you. Stay tuned! https://u.today",False,False,5016,13702,2022-07-31,1,iv,Crypto,tgdataset,4,public_db/folder_3/file_110_from_United_Patriots_to_uzbtextile_com.json
1399667882,tippytipss,,Get tips for investing in cryptocurrency. Don't follow blind calls. Learn and know why you invest. Be an investor.,False,False,313,643,2018-11-23,5,allcryptoleak allcryptoleaks blockchainwhispers joinchat/aaaaafntpko6ksmcpssxhq kryptotipschat,Crypto,tgdataset,4,public_db/folder_3/file_106_from_TindeRandao_to_totgandekboldim.json
1470459355,TMGChannel,TMG - News,"Official TMG Announcements Channel, Trading, Videos, News - Feel Free to share this content",False,False,3053,4613,2022-07-29,10,+4gkrhaulrpyyn2zk cointelegraph/16392 fameint itheum noia_network/133 nulsmansachs supposcam themartinguyofficialgroup tmgtrading tmgvip,Crypto,tgdataset,4,public_db/folder_3/file_106_from_TindeRandao_to_totgandekboldim.json
1400846142,TNC_INSTANT_PAY,TNC_INSTANT_PAY,,False,False,423,612,2022-07-23,72,account_bin aion_airdrop_bot angel_doge_bot anote11821_bot atron_earn_more_robot bch_clickbot bharatpe_1bot binance_pump_signal_bot bitcoin_ltd_bot bitcoin_oay_bot bitcoinclick_bot bittorrentprobot btt_instent_bot c/1399990084 coinlextradebot digibyte_airdrop_bot digibyte_airdrop_official doge_coinminer_bot doge_paying_legit_bot dogecoin_click_bot dubai_double_bot earningtech663 free_bch_instantly_pay_bot freedashltdbot freelitecoinltdrbot freeusdcrobot freexrpltdbot hunter11821 hunter11821/4814 hunter11821/6234 hunter11821/9264 hunter11821/9407 hunter11821/9439 hunter11821/9454 hunter11821/9727 instant_loot_bot instant_pay_bot_update instant_unknown_ltc_pay_bot joinchat/-9v1b1hqhfu5n2y0 joinchat/leqeuirk4by4owjl joinchat/tdyivwlg4nbhowgc joinchat/zqzime-51j8ynjc1 litecoin_click_bot nano_official_bot nano_offocial paying_bot_update paying_bot_update_2 paying_bot_update_3 paytmcashbot01_bot pocket_earning_bot pokemontronreal_bot real_hunter_bot scripter_daddy scripterarmy_referearn_bot selfpaisa_bot shoppingio teamspy/1787 teamspy/2109 teamspy/2285 tnc_instant_pay tronxdoublebot tronxpay_bot trx_true_infinity_robot trx_ultra_miner_bot trxunlimitedlootbot unigiveaway_bot vechain_airdrop vechainairdropbot winairdrop_bot winzo_gold_1bot xtz_airdrop_bot zcash_click_bot,Crypto,tgdataset,4,public_db/folder_3/file_106_from_TindeRandao_to_totgandekboldim.json
1295319991,TomoChainChannel,TomoChain Announcement,Official Announcement from Tomo team,False,False,4524,560,2022-07-19,17,bigbomicogroup cryptocomofficial ftx_official luaswap luaswapann maskoncharity news/vietnam-partners-with-tomochain-to-store-diplomas-on-its-blockchain tomobird__ tomochain tomochain/292968 tomochain/322524 tomochainchannel tomochainvietnam tomocoin_io tomodex_official tomomasterdao trustwallet,Crypto,tgdataset,4,public_db/folder_3/file_106_from_TindeRandao_to_totgandekboldim.json
1233043722,toncoin,TON Community,"Inherited from Telegram, the TON blockchain was designed to onboard billions of users. It boasts ultra-fast transactions, low fees, and easy-to-use native apps, some of which can be used directly in Telegram such as @wallet or @cryptobot.",False,True,99956,339,2022-07-31,275,addstickers/ton_duck catchain catchain/43 codeforces_official contest contest/102 contest/118 contest/58 cryptobot cryptobotru/23 decentralized_club donate durov/116 durov/142 durov/175 fanzeelabs ftx_official gbotston_en getgems getgems/130 getgems/147 getgems/158 getgems/162 getgems/166 getgems/168 getgems/169 getgems/175 getgems/93 getgems_dev/5 getgemsnftbot givemetons givemetons/104 grabscape juston_en komunitascoinvestasi mintosaurs mobile mutanttoadz_en nemorgenshtern/945 nft_redlist otcplaces otcplaces/3 richcatssales ruton stakeonwhales stickerface subscriptions tegro_money tlgblog/691 tlgtechnik/235 ton_starter ton_starter/41 ton_starter/57 tonairplane_en tonblockchain tonblockchain/102 tonblockchain/103 tonblockchain/110 tonblockchain/112 tonblockchain/114 tonblockchain/116 tonblockchain/119 tonblockchain/132 tonblockchain/136 tonblockchain/138 tonblockchain/139 tonblockchain/46 tonblockchain/48 tonblockchain/94 tonblockchain/99 toncoin toncoin/125 toncoin/125https toncoin/127 toncoin/128 toncoin/134 toncoin/135 toncoin/136 toncoin/137 toncoin/140 toncoin/142 toncoin/143 toncoin/144 toncoin/146 toncoin/148 toncoin/156 toncoin/158 toncoin/160 toncoin/161 toncoin/164 toncoin/167 toncoin/168 toncoin/171 toncoin/172 toncoin/183 toncoin/189 toncoin/191 toncoin/193 toncoin/203 toncoin/204 toncoin/207 toncoin/209 toncoin/215 toncoin/217 toncoin/222 toncoin/224 toncoin/226 toncoin/233 toncoin/238 toncoin/239 toncoin/249 toncoin/250 toncoin/253 toncoin/257 toncoin/264 toncoin/266 toncoin/267 toncoin/268 toncoin/271 toncoin/273 toncoin/275 toncoin/282 toncoin/283 toncoin/285 toncoin/289 toncoin/290 toncoin/291 toncoin/294 toncoin/295 toncoin/298 toncoin/301 toncoin/307 toncoin/313 toncoin/315 toncoin/317 toncoin/319 toncoin/320 toncoin/326 toncoin/335 toncoin/337 toncoin/340 toncoin/342 toncoin/344 toncoin/346 toncoin/348 toncoin/349 toncoin/351 toncoin/353 toncoin/358 toncoin/359 toncoin/360 toncoin/361 toncoin/363 toncoin/365 toncoin/368 toncoin/369 toncoin/372 toncoin/373 toncoin/376 toncoin/379 toncoin/380 toncoin/384 toncoin/386 toncoin/390 toncoin/391 toncoin/392 toncoin/393 toncoin/394 toncoin/395 toncoin/396 toncoin/397 toncoin/399 toncoin/400 toncoin/402 toncoin/405 toncoin/410 toncoin/412 toncoin/414 toncoin/415 toncoin/418 toncoin/421 toncoin/422 toncoin/423 toncoin/426 toncoin/427 toncoin/428 toncoin/429 toncoin/432 toncoin/433 toncoin/435 toncoin/437 toncoin/441 toncoin/442 toncoin/444 toncoin/450 toncoin/451 toncoin/452 toncoin/453 toncoin/454 toncoin/458 toncoin/459 toncoin/460 toncoin/462 toncoin/465 toncoin/466 toncoin/467 toncoin/468 toncoin/470 toncoin/471 toncoin/474 toncoin/475 toncoin/476 toncoin/477 toncoin/479 toncoin/480 toncoin/481 toncoin/482 toncoin/485 toncoin/488 toncoin/489 toncoin/490 toncoin/491 toncoin/495 toncoin/497 toncoin/498 toncoin/502 toncoin/504 toncoin/508 toncoin/509 toncoin_chat toncoin_chat/36795 toncoin_chat/4088 toncoin_cn toncoin_en/3 toncoin_es toncoin_id toncoin_it toncoin_mining_rus toncoin_monster_bot toncoin_rus toncoin_tur toncoin_uz toncontests toncontests/21 toncontests/25 toncontests/33 toncontests/40 toncontests/45 tondev/77374 tondev_eng tondev_eng/6621 tondiamonds tondiamondsdropbot tonducks_en tonhunt tonicadmin toniccx tonkeeper/13 tonkeeper/18 tonkeeper/21 tonkeeper/8 tonmine tonmoon_explorer_eng/8 tonmoonbot tonnfttegrodog tonometerbot tonpunkseng tonsociety tonsociety/20 tonsociety/22 tonsociety/8 tonsociety_chat tonsociety_chat/2953 tonwhalesnews wallet_news_en/38,Crypto,tgdataset,4,public_db/folder_3/file_106_from_TindeRandao_to_totgandekboldim.json
1777081668,Toncoin_tc,TON中文頻道,,False,False,8341,230,2022-07-30,216,addstickers/ton_duck c/1770277896 catchain catchain/43 codeforces_official contest contest/102 contest/118 contest/58 decentralized_club donate durov/116 durov/142 durov/175 gbotston_en getgems getgems/130 getgems/147 getgems/158 getgems/162 getgems/166 getgems/168 getgems/169 getgems/93 getgems_dev/5 getgemsnftbot givemetons grabscape juston_en komunitascoinvestasi mintosaurs mobile mutanttoadz_en nemorgenshtern/945 nft_redlist otcplaces otcplaces/3 richcatssales ruton stakeonwhales stickerface tegro_money thedailyton tlgblog/691 tlgtechnik/235 ton_starter ton_starter/41 tonblockchain tonblockchain/102 tonblockchain/103 tonblockchain/110 tonblockchain/112 tonblockchain/114 tonblockchain/116 tonblockchain/119 tonblockchain/136 tonblockchain/138 tonblockchain/139 tonblockchain/46 tonblockchain/73 tonblockchain/99 toncoin toncoin/140 toncoin/161 toncoin/168 toncoin/215 toncoin/257 toncoin/301 toncoin_cn toncoin_cn/59 toncoin_cn_chat toncoin_cn_chat/25067 toncoin_es toncoin_id toncoin_it toncoin_monster_bot toncoin_rus toncoin_tc/102 toncoin_tc/103 toncoin_tc/106 toncoin_tc/109 toncoin_tc/110 toncoin_tc/111 toncoin_tc/112 toncoin_tc/114 toncoin_tc/116 toncoin_tc/118 toncoin_tc/119 toncoin_tc/122 toncoin_tc/123 toncoin_tc/124 toncoin_tc/128 toncoin_tc/129 toncoin_tc/130 toncoin_tc/132 toncoin_tc/136 toncoin_tc/137 toncoin_tc/138 toncoin_tc/139 toncoin_tc/14 toncoin_tc/140 toncoin_tc/141 toncoin_tc/142 toncoin_tc/143 toncoin_tc/145 toncoin_tc/146 toncoin_tc/147 toncoin_tc/148 toncoin_tc/150 toncoin_tc/155 toncoin_tc/157 toncoin_tc/158 toncoin_tc/159 toncoin_tc/16 toncoin_tc/162 toncoin_tc/164 toncoin_tc/165 toncoin_tc/166 toncoin_tc/167 toncoin_tc/169 toncoin_tc/170 toncoin_tc/171 toncoin_tc/172 toncoin_tc/173 toncoin_tc/174 toncoin_tc/176 toncoin_tc/178 toncoin_tc/180 toncoin_tc/181 toncoin_tc/183 toncoin_tc/188 toncoin_tc/189 toncoin_tc/190 toncoin_tc/191 toncoin_tc/192 toncoin_tc/194 toncoin_tc/197 toncoin_tc/198 toncoin_tc/199 toncoin_tc/201 toncoin_tc/204 toncoin_tc/205 toncoin_tc/206 toncoin_tc/208 toncoin_tc/210 toncoin_tc/211 toncoin_tc/213 toncoin_tc/214 toncoin_tc/215 toncoin_tc/217 toncoin_tc/218 toncoin_tc/22 toncoin_tc/223 toncoin_tc/224 toncoin_tc/225 toncoin_tc/226 toncoin_tc/227 toncoin_tc/229 toncoin_tc/231 toncoin_tc/233 toncoin_tc/234 toncoin_tc/26 toncoin_tc/28 toncoin_tc/3 toncoin_tc/32 toncoin_tc/34 toncoin_tc/36 toncoin_tc/37 toncoin_tc/38 toncoin_tc/45 toncoin_tc/51 toncoin_tc/52 toncoin_tc/53 toncoin_tc/55 toncoin_tc/57 toncoin_tc/58 toncoin_tc/6 toncoin_tc/60 toncoin_tc/67 toncoin_tc/7 toncoin_tc/74 toncoin_tc/75 toncoin_tc/79 toncoin_tc/91 toncoin_tc/92 toncoin_tc/95 toncoin_tc/98 toncoin_tc/99 toncoin_tur toncoin_uz toncontests toncontests/21 toncontests/25 toncontests/33 toncontests/45 tondev_eng tondev_eng/6621 tondiamonds tonducks_en tonhunt toniccx tonkeeper/13 tonkeeper/18 tonkeeper/21 tonkeeper/8 tonmoon_explorer_eng/8 tonnfttegrodog tonometerbot tonpunkseng tonsociety tonsociety/20 tonsociety/22 tonsociety/8 tonsociety_chat tonwhalesnews wallet_news_en/38,Crypto,tgdataset,4,public_db/folder_3/file_106_from_TindeRandao_to_totgandekboldim.json
1323158129,tonorg,TON,Telegram Open Network,False,False,2844,3,2019-09-24,2,contest/102 contest/103,Crypto,tgdataset,4,public_db/folder_3/file_106_from_TindeRandao_to_totgandekboldim.json
1344059810,TON_DEV,Everscale Dev EN,Everscale international community channel,False,False,1792,433,2022-07-29,60,augual augual/5 augual_chat bivanovsky c/1465998359 contest/139 evercraft everscaleincubator freeton_ambassadors freeton_ambassadors_channel/12 freeton_smartcontracts freetondev_ru/284 freetondevops freetondevru freetonshop_bot fth_ru/262 joinchat/ghpqh0zrvxexsdpn1burjg movetheopennetwork qwertys318 svoidev teodorix ton_contests/26 ton_contests/28 ton_contests/30 ton_crystal_news/1059 ton_crystal_news/1066 ton_crystal_news/177 ton_crystal_news/180 ton_crystal_news/181 ton_crystal_news/254 ton_crystal_news/255 ton_crystal_news/51 ton_crystal_news/69 ton_crystal_news/789 ton_crystal_news/928 ton_crystal_news/929 ton_crystal_news/930 ton_crystal_news/932 ton_crystal_news/936 ton_crystal_news/937 ton_crystal_news/942 ton_crystal_news/945 ton_crystal_news/947 ton_crystal_news/950 ton_crystal_news/954 ton_crystal_news/955 ton_crystal_news/956 ton_crystal_news/964 ton_crystal_news/968 ton_crystal_news/969 ton_crystal_news/972 ton_dev/29 ton_sdk ton_ts4 ton_validators_ru toncontests_en/107 tondefi tondev_en tondev_ru tonecosystem_en,Crypto,tgdataset,4,public_db/folder_3/file_106_from_TindeRandao_to_totgandekboldim.json
1361207400,top100wallet,Монитор топ100 BTC-адресов,"Бот собирает данные о входящих/исходящих транзакциях на крупнейших 100 биткоин адресах, которые суммируются и публикуются ежедневно в 12:00 (по МСК). По всем вопросам: @dmitriyDelov",False,False,226,483,2022-02-10,1,niicrypto,Crypto,tgdataset,4,public_db/folder_3/file_106_from_TindeRandao_to_totgandekboldim.json
1210046212,top7ico,Top 7 ICO (StandWithUkraine 🇺🇦),"Top Crypto Projects, IEO, ICO, IDO, DeFi News and Analytics  Official Chat: @top7ico_chat  Twitter: twitter.com/top7ico   Сontact: @top7dan",False,False,21823,4615,2022-07-31,150,a2ann/502 amasa_community artemcoinofficial/15618 axelarnetwork/119 bcmhunt bemil_chat blabberofficial blockchainspace_official brightunion ccai_official ccashcitizen chain_broker chainx_news/32 clearpoolofficial credefi cryptodep cryptodiffer cubiexesports dafiprotocol daomaker_ann/723 darenft_official_group demoleio/23 dexeecosystemhubbot_bot dotmoovs dragonkartofficial dtravelcommunity dvisionnetworkglobal ethernitychain evzlife fairsidenetworkann fantomgochat fantomstarter faraland_official formationfi forwardprotocolofficial gamefi_official generation_crypto genshardsann halodao holoride icodrops imperiumempiresofficial impossiblefinance insurace_protocol iotexpad ivangbi_diary joinchat/aaaaaejtqolazu4xofkibq joinchat/fodp20sfk6m_ky-ktmekoq joinchat/tb3iahumzsyfspxhewqlvw koimetaverse kucoin_news/1268 legendsofmitra libredefiofficial ltoinfo/342 magnachain_announcement/74 maticnetwork_announcements/385 metagods monkeyball_official monstropoly_channels mozikenofficial mymasterwargroup nftbcommunity nftfysec nftify_official nunet_community o3labsofficial onerarenft only1nft openpredictannouncements pandora_protocol pandoraprotocol pantherprotocol parastate paribus_io persistenceonechat planetsandbox platofarm plutosnetwork polkafoundry polkalokr polkamarkets polygen_launchpad polylastic racefi_io rage_fan ramifiprotocol realyofficial refinablenft relitefinanceofficial resistanceplatformann/73 resistanceplatformann/74 shield_dao shopnext_chat shyftnetwork solice_io_chat spoolfichat squeezerio standard_protocol staratlasgame stripfinance synchronyfi terra_announcements/112 thepaycash thepaycash_announcements thesavageappofficial top7ico/162 top7ico/251 top7ico/258 top7ico/264 top7ico/265 top7ico/269 top7ico/286 top7ico/287 top7ico/295 top7ico/298 top7ico/299 top7ico/307 top7ico/309 top7ico/311 top7ico/313 top7ico/315 top7ico/323 top7ico/330 top7ico/337 top7ico/338 top7ico/343 top7ico/349 top7ico/360 top7ico/362 top7ico/364 top7ico/372 top7ico/377 top7ico/382 top7ico/387 top7ico/395 top7ico/396 top7ico/409 top7ico/420 top7ico_chat tradestarsok tribeone ttk_official unilendfinance victoriavrgroup victoriavrnews warenaofficial welaunchx xbtcann/27 zeexme zombieworldz,Crypto,tgdataset,4,public_db/folder_3/file_106_from_TindeRandao_to_totgandekboldim.json
1284029190,ultraearning123,👑AIRDROP LOOTER™,🌹ᴡᴇʟᴄᴏᴍᴇ ɪɴ ᴏᴜʀ ᴄʜᴀɴɴᴇʟ🌹             😎ʀᴏᴀᴅ ᴛᴏ 10k😎      💠 JOIN LEGIT AIRDROPS  💠 DISCUSSION GROUP  💠 SEND REFERRAL LINKS 💠 KEEP MAKING MONEY  💠 JOIN GIVEAWAY,False,False,2980,168,2022-04-14,33,airdropreffrels atron_airdrop_paying_bot bitcoinbtclegitautopaybot blkwhaleairdropbot coinoneairdropbot darenftairdropbot digibyte_airdrop_1_0_bot dotoracleairdropbot fanswapairdropbot febianswapairdropbot gaiaeliteclubbot interstellarworld_airdrop_bot joinchat/7f9peu3vndq4otrl metafishairdropbot neuronfundairdropbot rdrairdropbot rudster_pay_code_bot safe_moon_auto_pay_bot safemoonautopaybot safemoonhightokenuubot safemoonrolobot sidus_heroes_bot solanaswapbot spacesip_airdrop_bot troyswap_bot trx_aut0_paying_bot trx_auto_airdrop_3bot trxauto_inbot trxs_auto_pay_bot vdvtoken_bot wallfairairdropbot warenaround2airdropbot winkyverseairdropbot,Crypto,tgdataset,4,public_db/folder_3/file_109_from_t_action_to_United_Manchester_Yunayted_Bruno.json
1229734089,Ultra_ann,Ultra Announcement,Ultra.io Announcement channel,False,False,4487,268,2022-07-19,6,cryptocabital_ann cryptodakuofficial cryptodakurobinhooders joinchat/brbs51k5cworbktsgmb6ew ultra_io wolfcryptopub,Crypto,tgdataset,4,public_db/folder_3/file_109_from_t_action_to_United_Manchester_Yunayted_Bruno.json
1358788312,unfolded,unfolded.,Latest crypto market insights  twitter.com/cryptounfolded | contact: @nakamotocat | no ads,False,False,97288,10586,2022-07-29,235,bakkt bakkt/62 bakkt/63 binanceresearch bitmex_announcements/44 blog/researches contest/102 crypto_meme cryptoquant_alert cryptoquant_official cryptoquant_official/365 cryptoquant_official/380 cryptosns cryptosns/3032 cryptosns/3651 cryptosns/3661 cryptosns/3706 cryptosns/3707 cryptosns/3714 cryptosns/3717 cryptosns/3720 cryptosns/3729 cryptosns/3736 cryptosns/3747 cryptosns/3757 cryptosns/3769 cryptosns/3777 cryptosns/3790 cryptosns/3792 cryptosns/3811 cryptosns/3837 cryptosns/3841 cryptosns/3845 cryptosns/3847 cryptosns/3856 cryptosns/3868 cryptosns/3869 cryptosns/3875 cryptosns/3886 cryptosns/3888 cryptosns/3905 cryptosns/3906 cryptosns/3929 cryptosns/3938 cryptosns/3949 cryptosns/3955 cryptosns/3960 cryptosns/3967 cryptosns/3970 cryptosns/3980 cryptosns/3984 cryptosns/3990 cryptosns/3995 cryptosns/4011 cryptosns/4014 cryptosns/4027 cryptosns/4031 cryptosns/4044 cryptosns/4053 cryptosns/4078 cryptosns/4087 cryptosns/4096 cryptosns/4112 cryptosns/4122 cryptosns/4134 cryptosns/4138 cryptosns/4152 cryptosns/4163 cryptosns/4166 cryptosns/4169 cryptosns/4171 cryptosns/4200 cryptosns/4207 cryptosns/4233 cryptosns/4244 cryptosns/4252 cryptosns/4255 cryptosns/4264 cryptosns/4266 cryptosns/4281 cryptosns/4290 cryptosns/4297 cryptosns/4333 cryptosns/4343 cryptosns/4348 cryptosns/4366 cryptosns/4367 cryptosns/4370 cryptosns/4392 cryptosns/4400 cryptosns/4406 cryptosns/4419 cryptosns/4426 cryptosns/4431 cryptosns/4443 cryptosns/4452 cryptosns/4455 cryptosns/4464 cryptosns/4473 cryptosns/4479 cryptosns/4484 cryptosns/4488 cryptosns/4493 cryptosns/4510 cryptosns/4514 datalightme defire_fi deltaexchat deribit_notifications durov/147 glassnode glassnode/219 glassnode/246 glassnode/305 occamfi/140 ochadoschannel qcpbroadcast/648 thedailyape tonboard/111 unfolded unfolded/10147 unfolded/10151 unfolded/10620 unfolded/4161 unfolded/4542 unfolded/4548 unfolded/4558 unfolded/4581 unfolded/4591 unfolded/4606 unfolded/4611 unfolded/4669 unfolded/4670 unfolded/4713 unfolded/4738 unfolded/4742 unfolded/4745 unfolded/4747 unfolded/4748 unfolded/4777 unfolded/4780 unfolded/4792 unfolded/4812 unfolded/4823 unfolded/4832 unfolded/4846 unfolded/4850 unfolded/4851 unfolded/4852 unfolded/4872 unfolded/4878 unfolded/4883 unfolded/4890 unfolded/4908 unfolded/4912 unfolded/4917 unfolded/4921 unfolded/4930 unfolded/4940 unfolded/4946 unfolded/4947 unfolded/4964 unfolded/4979 unfolded/4986 unfolded/4998 unfolded/5003 unfolded/5005 unfolded/5013 unfolded/5018 unfolded/5027 unfolded/5030 unfolded/5040 unfolded/5090 unfolded/5093 unfolded/5161 unfolded/5163 unfolded/5192 unfolded/5233 unfolded/5293 unfolded/5296 unfolded/5403 unfolded/5449 unfolded/5483 unfolded/5497 unfolded/5560 unfolded/5569 unfolded/5629 unfolded/5778 unfolded/5958 unfolded/5977 unfolded/5979 unfolded/6007 unfolded/6138 unfolded/6140 unfolded/6177 unfolded/6182 unfolded/6256 unfolded/6282 unfolded/6291 unfolded/6340 unfolded/6365 unfolded/6398 unfolded/6429 unfolded/6519 unfolded/6571 unfolded/6660 unfolded/6744 unfolded/6779 unfolded/6788 unfolded/6847 unfolded/6924 unfolded/6975 unfolded/6978 unfolded/7040 unfolded/7090 unfolded/7171 unfolded/7215 unfolded/7284 unfolded/7348 unfolded/7398 unfolded/7464 unfolded/7575 unfolded/7629 unfolded/7734 unfolded/8916 unfolded/9325 unfolded/9451 unfolded/9465 unfolded/9863 unfolded/9870 unfolded_bot unfolded_chat wallets_scan/3116 whalebotalerts wootrade,Crypto,tgdataset,4,public_db/folder_3/file_109_from_t_action_to_United_Manchester_Yunayted_Bruno.json
1458961069,UniLendAnnouncement,UniLend Finance Official Announcement,UniLend protocol is working to create a new niche in the market which has been neglected.  Join Discussion - @UniLendFinance,False,False,6318,637,2022-07-31,496,amaroom binance binanceexchange bithumbglobal_en bithumbglobal_rus blockchainedindia blockchainspacee cryptodakurobinhooders cryptonewsid_channel cryptonewsid_group cryptoranknews cyberfi_tech dvisionnetworkglobal elk_finance_chat gainschat getrichwithmandygroupchat imcommunityitw mirror_protocol mxcofficialnews/2250 nordfinance oropocket playcentglobal playcentofficial pramod_psquare probitenglish psquare_chat quickswapdex satoshi_club satoshi_club_channel/253 simplehold_io/309 teachcryptocurrency uft_trades unilend_india unilend_indonesia unilend_korea unilend_nigeria unilend_philippines unilend_turkish unilend_vietnam unilendannouncement unilendannouncement/10 unilendannouncement/100 unilendannouncement/101 unilendannouncement/103 unilendannouncement/104 unilendannouncement/108 unilendannouncement/109 unilendannouncement/110 unilendannouncement/111 unilendannouncement/113 unilendannouncement/115 unilendannouncement/117 unilendannouncement/118 unilendannouncement/120 unilendannouncement/121 unilendannouncement/123 unilendannouncement/125 unilendannouncement/126 unilendannouncement/127 unilendannouncement/13 unilendannouncement/130 unilendannouncement/132 unilendannouncement/133 unilendannouncement/134 unilendannouncement/135 unilendannouncement/136 unilendannouncement/137 unilendannouncement/138 unilendannouncement/14 unilendannouncement/141 unilendannouncement/143 unilendannouncement/144 unilendannouncement/145 unilendannouncement/146 unilendannouncement/147 unilendannouncement/148 unilendannouncement/149 unilendannouncement/15 unilendannouncement/150 unilendannouncement/154 unilendannouncement/156 unilendannouncement/159 unilendannouncement/16 unilendannouncement/161 unilendannouncement/162 unilendannouncement/163 unilendannouncement/165 unilendannouncement/166 unilendannouncement/167 unilendannouncement/171 unilendannouncement/172 unilendannouncement/173 unilendannouncement/174 unilendannouncement/175 unilendannouncement/176 unilendannouncement/180 unilendannouncement/182 unilendannouncement/183 unilendannouncement/184 unilendannouncement/187 unilendannouncement/190 unilendannouncement/191 unilendannouncement/192 unilendannouncement/194 unilendannouncement/195 unilendannouncement/198 unilendannouncement/20 unilendannouncement/201 unilendannouncement/202 unilendannouncement/203 unilendannouncement/204 unilendannouncement/205 unilendannouncement/206 unilendannouncement/208 unilendannouncement/212 unilendannouncement/213 unilendannouncement/214 unilendannouncement/218 unilendannouncement/219 unilendannouncement/220 unilendannouncement/221 unilendannouncement/223 unilendannouncement/224 unilendannouncement/225 unilendannouncement/226 unilendannouncement/227 unilendannouncement/228 unilendannouncement/229 unilendannouncement/231 unilendannouncement/235 unilendannouncement/237 unilendannouncement/238 unilendannouncement/239 unilendannouncement/24 unilendannouncement/240 unilendannouncement/241 unilendannouncement/242 unilendannouncement/243 unilendannouncement/245 unilendannouncement/246 unilendannouncement/252 unilendannouncement/253 unilendannouncement/254 unilendannouncement/255 unilendannouncement/256 unilendannouncement/257 unilendannouncement/258 unilendannouncement/260 unilendannouncement/261 unilendannouncement/264 unilendannouncement/265 unilendannouncement/266 unilendannouncement/267 unilendannouncement/268 unilendannouncement/27 unilendannouncement/271 unilendannouncement/272 unilendannouncement/273 unilendannouncement/274 unilendannouncement/276 unilendannouncement/277 unilendannouncement/278 unilendannouncement/280 unilendannouncement/284 unilendannouncement/285 unilendannouncement/286 unilendannouncement/288 unilendannouncement/289 unilendannouncement/29 unilendannouncement/290 unilendannouncement/291 unilendannouncement/292 unilendannouncement/294 unilendannouncement/295 unilendannouncement/296 unilendannouncement/297 unilendannouncement/298 unilendannouncement/299 unilendannouncement/30 unilendannouncement/300 unilendannouncement/301 unilendannouncement/302 unilendannouncement/303 unilendannouncement/304 unilendannouncement/306 unilendannouncement/308 unilendannouncement/309 unilendannouncement/310 unilendannouncement/311 unilendannouncement/312 unilendannouncement/313 unilendannouncement/315 unilendannouncement/316 unilendannouncement/317 unilendannouncement/318 unilendannouncement/319 unilendannouncement/32 unilendannouncement/320 unilendannouncement/323 unilendannouncement/325 unilendannouncement/326 unilendannouncement/327 unilendannouncement/328 unilendannouncement/330 unilendannouncement/331 unilendannouncement/333 unilendannouncement/334 unilendannouncement/335 unilendannouncement/336 unilendannouncement/337 unilendannouncement/338 unilendannouncement/339 unilendannouncement/341 unilendannouncement/342 unilendannouncement/343 unilendannouncement/344 unilendannouncement/345 unilendannouncement/346 unilendannouncement/347 unilendannouncement/349 unilendannouncement/351 unilendannouncement/352 unilendannouncement/354 unilendannouncement/356 unilendannouncement/357 unilendannouncement/358 unilendannouncement/359 unilendannouncement/360 unilendannouncement/361 unilendannouncement/362 unilendannouncement/363 unilendannouncement/364 unilendannouncement/365 unilendannouncement/366 unilendannouncement/367 unilendannouncement/368 unilendannouncement/369 unilendannouncement/37 unilendannouncement/370 unilendannouncement/371 unilendannouncement/373 unilendannouncement/374 unilendannouncement/375 unilendannouncement/376 unilendannouncement/377 unilendannouncement/378 unilendannouncement/380 unilendannouncement/381 unilendannouncement/382 unilendannouncement/384 unilendannouncement/387 unilendannouncement/388 unilendannouncement/39 unilendannouncement/390 unilendannouncement/391 unilendannouncement/392 unilendannouncement/395 unilendannouncement/396 unilendannouncement/399 unilendannouncement/40 unilendannouncement/400 unilendannouncement/401 unilendannouncement/403 unilendannouncement/404 unilendannouncement/405 unilendannouncement/407 unilendannouncement/408 unilendannouncement/409 unilendannouncement/410 unilendannouncement/411 unilendannouncement/413 unilendannouncement/414 unilendannouncement/416 unilendannouncement/417 unilendannouncement/419 unilendannouncement/42 unilendannouncement/420 unilendannouncement/421 unilendannouncement/422 unilendannouncement/423 unilendannouncement/424 unilendannouncement/425 unilendannouncement/426 unilendannouncement/428 unilendannouncement/430 unilendannouncement/432 unilendannouncement/46 unilendannouncement/461 unilendannouncement/462 unilendannouncement/463 unilendannouncement/464 unilendannouncement/48 unilendannouncement/49 unilendannouncement/493 unilendannouncement/496 unilendannouncement/498 unilendannouncement/501 unilendannouncement/502 unilendannouncement/503 unilendannouncement/504 unilendannouncement/505 unilendannouncement/506 unilendannouncement/507 unilendannouncement/509 unilendannouncement/51 unilendannouncement/510 unilendannouncement/511 unilendannouncement/512 unilendannouncement/516 unilendannouncement/517 unilendannouncement/518 unilendannouncement/519 unilendannouncement/52 unilendannouncement/520 unilendannouncement/522 unilendannouncement/523 unilendannouncement/524 unilendannouncement/525 unilendannouncement/526 unilendannouncement/527 unilendannouncement/528 unilendannouncement/529 unilendannouncement/53 unilendannouncement/531 unilendannouncement/532 unilendannouncement/533 unilendannouncement/534 unilendannouncement/535 unilendannouncement/536 unilendannouncement/537 unilendannouncement/538 unilendannouncement/539 unilendannouncement/54 unilendannouncement/540 unilendannouncement/541 unilendannouncement/542 unilendannouncement/543 unilendannouncement/544 unilendannouncement/545 unilendannouncement/546 unilendannouncement/547 unilendannouncement/548 unilendannouncement/55 unilendannouncement/550 unilendannouncement/551 unilendannouncement/552 unilendannouncement/553 unilendannouncement/554 unilendannouncement/555 unilendannouncement/556 unilendannouncement/557 unilendannouncement/558 unilendannouncement/559 unilendannouncement/560 unilendannouncement/562 unilendannouncement/563 unilendannouncement/564 unilendannouncement/565 unilendannouncement/566 unilendannouncement/567 unilendannouncement/568 unilendannouncement/571 unilendannouncement/574 unilendannouncement/575 unilendannouncement/576 unilendannouncement/577 unilendannouncement/58 unilendannouncement/580 unilendannouncement/583 unilendannouncement/584 unilendannouncement/585 unilendannouncement/586 unilendannouncement/587 unilendannouncement/588 unilendannouncement/589 unilendannouncement/59 unilendannouncement/590 unilendannouncement/593 unilendannouncement/594 unilendannouncement/596 unilendannouncement/597 unilendannouncement/598 unilendannouncement/599 unilendannouncement/601 unilendannouncement/602 unilendannouncement/604 unilendannouncement/605 unilendannouncement/607 unilendannouncement/608 unilendannouncement/609 unilendannouncement/610 unilendannouncement/611 unilendannouncement/612 unilendannouncement/613 unilendannouncement/614 unilendannouncement/615 unilendannouncement/617 unilendannouncement/619 unilendannouncement/621 unilendannouncement/625 unilendannouncement/626 unilendannouncement/627 unilendannouncement/628 unilendannouncement/63 unilendannouncement/630 unilendannouncement/631 unilendannouncement/632 unilendannouncement/633 unilendannouncement/635 unilendannouncement/636 unilendannouncement/637 unilendannouncement/638 unilendannouncement/64 unilendannouncement/642 unilendannouncement/643 unilendannouncement/645 unilendannouncement/646 unilendannouncement/648 unilendannouncement/65 unilendannouncement/651 unilendannouncement/652 unilendannouncement/653 unilendannouncement/654 unilendannouncement/655 unilendannouncement/656 unilendannouncement/657 unilendannouncement/659 unilendannouncement/66 unilendannouncement/660 unilendannouncement/661 unilendannouncement/663 unilendannouncement/664 unilendannouncement/665 unilendannouncement/666 unilendannouncement/667 unilendannouncement/668 unilendannouncement/669 unilendannouncement/670 unilendannouncement/671 unilendannouncement/672 unilendannouncement/676 unilendannouncement/677 unilendannouncement/679 unilendannouncement/68 unilendannouncement/680 unilendannouncement/681 unilendannouncement/683 unilendannouncement/684 unilendannouncement/685 unilendannouncement/687 unilendannouncement/688 unilendannouncement/69 unilendannouncement/690 unilendannouncement/691 unilendannouncement/694 unilendannouncement/695 unilendannouncement/699 unilendannouncement/70 unilendannouncement/704 unilendannouncement/705 unilendannouncement/706 unilendannouncement/707 unilendannouncement/708 unilendannouncement/709 unilendannouncement/710 unilendannouncement/712 unilendannouncement/716 unilendannouncement/718 unilendannouncement/72 unilendannouncement/720 unilendannouncement/722 unilendannouncement/723 unilendannouncement/724 unilendannouncement/725 unilendannouncement/726 unilendannouncement/728 unilendannouncement/729 unilendannouncement/730 unilendannouncement/76 unilendannouncement/78 unilendannouncement/80 unilendannouncement/83 unilendannouncement/84 unilendannouncement/88 unilendannouncement/90 unilendannouncement/91 unilendannouncement/92 unilendannouncement/93 unilendannouncement/94 unilendannouncement/96 unilendannouncement/97 unilendannouncement/98 unilendannouncement/99 unilendfinance unilendprice wazirx_discuss,Crypto,tgdataset,4,public_db/folder_3/file_109_from_t_action_to_United_Manchester_Yunayted_Bruno.json
1356829585,xrpnewsuk,XRPBOYS.COM XRP XLM AMC 🦍 SILVER GOLD CRYPTO 💰💰💰💷💵💶,This is purely for information purposes and not financial advice,False,False,8223,9457,2022-07-31,6,amc4all cryptonewsnowgab thegoldshow watn17/219 xrpboys xrpnewsuk,Crypto,tgdataset,4,public_db/folder_3/file_117_from_xponiki_to_yktshaman.json
1176249441,XtraUpdates,,https://t.me/Xtraa - My Telegram,False,False,435,518,2021-02-12,5,joinchat/aaaaaer-hgz8kjec6chgja joinchat/gkvicxuty7bz2nozbrxfew xtraconfigupdates xtraraffles zippyupdates,Crypto,tgdataset,4,public_db/folder_3/file_117_from_xponiki_to_yktshaman.json
