channel,link,title,subscribers,last_post,has_comment_chat,tme_links_found,real_groups_found,manual_real_group,manual_scam_signals,checked_by,notes
@Airdrop,https://t.me/Airdrop,@Airdrop,1132874,2026-09-28,True,45,,,,,
@AirdropDetective,https://t.me/AirdropDetective,Airdrop Detective,1058374,2026-09-26,False,49,@AirdropDetectiveSupport @Zycot_Support_Group @PythoDEXCommunity,,,,
@Trading_Crypto_Signals_Bitcoin,https://t.me/Trading_Crypto_Signals_Bitcoin,Trading Crypto Bitcoin Signals,1038408,2026-09-29,True,0,,,,,
@airdropinspector,https://t.me/airdropinspector,Airdrop Inspector,698732,2026-09-29,True,3,,,,,
@AirdropO,https://t.me/AirdropO,🎎 Airdrop Ninja 🎎,357371,2026-09-28,True,6,,,,,
@next10xgem1,https://t.me/next10xgem1,Binance Spot & FutuRes Signals 🐋,329019,2026-09-29,False,0,,,,,
@Binance_Futures_Trades,https://t.me/Binance_Futures_Trades,🇺🇸 Crypto Signals Trading (AI),316341,2026-09-29,False,0,,,,,
@Signals_Trader_Trading,https://t.me/Signals_Trader_Trading,Crypto Futures,298449,2026-09-29,False,0,,,,,
@Trading_Trader_Free,https://t.me/Trading_Trader_Free,Signals Crypto,251939,2026-09-29,False,0,,,,,
@cryptoflash_news,https://t.me/cryptoflash_news,"CryptoFlash⚡️— blockchain, news, investments",238755,2026-09-29,False,0,,,,,
@Gold_Forex_Xauusd_Btcusd_Signals,https://t.me/Gold_Forex_Xauusd_Btcusd_Signals,GOLD XAUUSD BTCUSD FOREX SIGNALS 📊,235303,2026-09-29,False,2,,,,,
@gems_airdrops_co,https://t.me/gems_airdrops_co,Crypto GEMs/Airdrops — Solana | BSC,230024,2026-09-28,False,0,,,,,
@F_crypto_pumps_l,https://t.me/F_crypto_pumps_l,FL Crypto Pumps,211260,2026-09-20,False,0,,,,,
@binance_futures6,https://t.me/binance_futures6,Binance Futures & Liquidations | Tracker,152847,2026-09-28,False,0,,,,,
@crypto_signalsf,https://t.me/crypto_signalsf,Crypto Signals ⚡,123107,2026-09-29,False,0,,,,,
@Trading_Signals_Bitcoin_Forex,https://t.me/Trading_Signals_Bitcoin_Forex,Free Trading Signals Bitcoin Forex,112887,2026-09-29,False,1,,,,,
@CryptoLibrarysAirdrop,https://t.me/CryptoLibrarysAirdrop,Crypto Librarys Airdrop,78514,2026-09-04,False,12,,,,,
@RoymanCrypto,https://t.me/RoymanCrypto,Royman Crypto - INVESTMENT,66324,2026-09-24,False,3,,,,,
@FinCryptoDaily_en,https://t.me/FinCryptoDaily_en,"FinCrypto Daily | Finance, Crypto, Investments",63345,2026-09-29,False,0,,,,,
@Trading_Signals_Futures_Binance,https://t.me/Trading_Signals_Futures_Binance,Binance Spot & Futures Trading Signals,54401,2026-09-29,False,0,,,,,
@incrypted_airdrops,https://t.me/incrypted_airdrops,Incrypted Airdrops,46800,2026-09-28,True,3,,https://t.me/incrypted_airdrop_chat,,,
@NEXT100XGEMS,https://t.me/NEXT100XGEMS,Next 100X GEMS,42206,2026-09-25,True,3,,https://t.me/Official_Vone,,,
@memecoinx,https://t.me/memecoinx,Memecoin Gems Shilling 🚀,38940,2026-09-17,False,7,,https://t.me/bbonkcommunity,,,
@forex_signalsg,https://t.me/forex_signalsg,ForexSignals,35536,2026-09-29,False,1,,,,,
@forex_signalsc,https://t.me/forex_signalsc,Forex Signals Trading,32892,2026-09-29,False,2,,https://t.me/nebortrade,,,
@Zero_To_Hero_premium_trading,https://t.me/Zero_To_Hero_premium_trading,ZERO TO HERO PREMIUM GROUP,19181,2026-09-29,False,0,,,,,
@binance_futuresr,https://t.me/binance_futuresr,Binance Futures Official ( Free Signal ),11258,2026-09-26,False,0,,,,,
@cryptobricegiveaways,https://t.me/cryptobricegiveaways,CryptoBrice Giveaway,9598,2026-09-20,True,2,,https://t.me/cryptobricegiveaways,,,
@itsgawsita,https://t.me/itsgawsita,Sita Giveaway & CV Crypto🔮🐿️,7052,2026-09-29,True,2,,https://t.me/+QcQ3ixtsDToxNWQx,,,
@giveaway_cryptobo,https://t.me/giveaway_cryptobo,КОНКУРСЫ И РАЗДАЧИ КРИПТОБОТ,4992,2026-09-03,False,11,,,,,
@GemsofSensei,https://t.me/GemsofSensei,Altcoin Sensei | PRINT HOUSE 🖨️🏠,3213,2026-09-27,False,1,,https://t.me/+wK8TMJIql2JlNTlk,,,
@jinmucall,https://t.me/jinmucall,JinMu 100x Gems,3189,2026-09-29,False,1,,https://t.me/+SnSuFLFtW-M2NGM1,,,
@bitcoino_trading,https://t.me/bitcoino_trading,BITCOIN TRADING,3064,2026-09-23,False,1,,,,,
@investments_in_crypto,https://t.me/investments_in_crypto,Инвестиции в крипту,1745,2026-09-18,True,0,,,,,
@early100xgems,https://t.me/early100xgems,Early 100x Gems,1646,2026-09-29,False,0,,,,,
@PapaWoody_100xGems,https://t.me/PapaWoody_100xGems,Papa Woody 100x Gems,1518,2026-09-26,False,4,,,,,
@GiveawaysCryptobot,https://t.me/GiveawaysCryptobot,CryptoBot Giveaways,1407,2026-09-28,True,18,,http://t.me/detrade_global,,,
@CRYPTO0_community,https://t.me/CRYPTO0_community,CRYPTO community,1366,2026-09-19,True,0,,,,,
@HumbleApes,https://t.me/HumbleApes,Humble Gems 100x,976,2026-09-21,False,1,,https://t.me/+-Fa3mSs52MMxM2Nl,,,
@Trading_Group,https://t.me/Trading_Group,TRADING GROUP,377,2026-09-11,True,5,,https://t.me/TRADING_GROUP_ROOM,,,
@cryptogwss,https://t.me/cryptogwss,Giveaways,192,2026-09-28,False,14,,,,,
@trading_Bitcoino,https://t.me/trading_Bitcoino,Bitcoin trading,141,2026-09-06,False,1,,,,,
